protein1,protein2,Label
102285.A0A0R3T297,102285.A0A0R3T810,1
104452.A0A0L7KW19,104452.A0A0L7LN53,1
7395.A0A1A9UVD2,7395.A0A1A9V2Z9,1
6205.A0A0R3WPB1,6205.A0A0R3XC53,1
143630.A0A402E799,143630.A0A402G2R6,1
597456.A0A0L7RFA0,597456.A0A0L7RG01,1
1676925.ENSPKIP00000007100,7029.X1WS68,0
46245.B5DS02,46245.B5DZ83,1
31234.E3LJW8,31234.E3MDS0,1
7234.B4GW03,7234.B4GWU3,1
6188.A0A183R1N6,6188.A0A183R320,1
211598.ENSANIP00000012568,8167.A0A484C9V8,0
45351.A7RXS8,45351.A7T8W5,1
6216.A0A0R3SRS5,6216.A0A0R3SS05,1
6526.A0A2C9LFB2,6526.A0A2C9LMC1,1
283909.R7URC7,283909.R7VKN7,1
6526.A0A2C9KFZ1,94128.A0A2A3ER23,0
94128.A0A2A3EA50,94128.A0A2A3EP75,1
6216.A0A0R3SKB1,70667.A0A183SP96,0
6205.A0A0R3X7T8,6290.A0A0N4WFW3,0
1661398.A0A482VLT8,46731.A0A3M6UJ52,0
28377.ENSACAP00000016781,333673.A0A3M0JD77,0
1561998.A0A1I7USQ7,7757.ENSPMAP00000007398,0
6412.T1FQB5,6412.T1G0J4,1
400727.A0A2T7NW92,400727.A0A2T7PDU2,1
6669.E9GDR8,6669.E9H8C3,1
77166.N6TU59,7868.ENSCMIP00000022547,0
143630.A0A402G5X9,7574.A0A1S3J6T8,0
407821.A0A087UQQ5,37001.A0A1A9WDM4,0
7764.ENSEBUP00000016141,7764.ENSEBUP00000018471,1
143630.A0A402G157,8010.ENSELUP00000010753,0
1503980.A0A261CEK7,1561998.A0A1I7V0C6,0
947166.A0A1D1V9L2,947166.A0A1D1VZN5,1
6198.A0A075A4U5,6198.A0A075AAQ1,1
6186.A0A183KXB9,6412.T1FTJ5,0
77166.U4U7N1,7955.ENSDARP00000074959,0
7209.A0A1I7VVU4,947166.A0A1D1UJH6,0
37653.A0A0L8FW78,37653.A0A0L8GWP2,1
7234.B4G7Y0,7234.B4GWU3,1
7764.ENSEBUP00000000685,7764.ENSEBUP00000024650,1
37653.A0A0L8FZE4,37653.A0A0L8GQ11,1
48269.A0A183LBP1,7764.ENSEBUP00000000501,0
8030.ENSSSAP00000031374,8030.ENSSSAP00000041007,1
6205.A0A0R3WIY4,6205.A0A0R3WV51,1
47308.ENSNMLP00000028891,47308.ENSNMLP00000035522,1
36166.T1GZG6,36166.T1H0A0,1
6205.A0A0R3WP01,6205.A0A0R3WVS5,1
6188.A0A183QEA9,6188.A0A183QQM6,1
102285.A0A0R3T810,102285.A0A0R3TZE1,1
407821.A0A087TXY5,407821.A0A087U3L0,1
1503980.A0A261BQC0,6210.W6UDY9,0
37653.A0A0L8FTR9,6412.T1EYD6,0
1503980.A0A261CGE3,6337.A0A0V1J7T1,0
6185.A0A095B3S5,6185.A0A095C4Q9,1
7918.ENSLOCP00000016452,7918.ENSLOCP00000019037,1
47308.ENSNMLP00000025256,47308.ENSNMLP00000035522,1
31234.E3LGJ4,31234.E3MKT6,1
113540.ENSSFOP00015075722,7240.B4NSK4,0
6669.E9GMM7,6669.E9HAF5,1
6186.A0A183KG78,6832.A0A553PQ14,0
6573.A0A210PZD2,6573.A0A210QI60,1
407821.A0A087TVQ4,7232.A0A484BUS8,0
7719.ENSCINP00000013966,7719.ENSCINP00000036183,1
7240.B4QQA7,7240.B4R7T3,1
135651.G0MYW5,7764.ENSEBUP00000011245,0
46731.A0A3M6TEI6,46731.A0A3M6UJ52,1
7091.H9J9V4,7091.H9JHT8,1
13249.R4G514,13249.T1HFB2,1
6412.T1FN68,6412.T1FQB5,1
6188.A0A183QLV5,6188.A0A183RNL3,1
143630.A0A402EXU5,143630.A0A402G2R6,1
6185.A0A095CFB8,6205.A0A0R3WVS5,0
151549.A0A4C1YNZ9,48709.A0A1D2MQM4,0
241587.ENSACOP00000020143,37653.A0A0L8FRS8,0
178035.A0A154PJF7,178035.A0A154PSB6,1
6832.A0A553NS83,6832.A0A553P5N2,1
6184.A0A430QM91,70667.A0A183T2N8,0
46731.A0A3M6TBK5,46731.A0A3M6TXT2,1
407821.A0A087SXU6,407821.A0A087TIC0,1
103827.A0A0N5DB04,282301.A0A267DHU8,0
7868.ENSCMIP00000048606,947166.A0A1D1V7C9,0
6186.A0A183JIS4,6186.A0A183JL74,1
282301.A0A1I8J508,400727.A0A2T7NFA3,0
1561998.A0A1I7V421,407821.A0A087TB37,0
195883.A0A482X0A6,195883.A0A482X813,1
178035.A0A154P9T5,178035.A0A154PDN6,1
283909.R7VBR9,283909.R7VFU7,1
6280.A0A0N4TG83,7240.B4Q335,0
104452.A0A0L7K5P8,104452.A0A0L7KW19,1
102285.A0A0R3T315,102285.A0A0R3T810,1
48269.A0A183MVP0,48269.A0A183MZA9,1
1965070.A0A443RRG0,46835.A0A504Z4A9,0
56216.A0A1A6GGS5,56216.A0A1A6H8H7,1
211598.ENSANIP00000026682,7234.B4GPZ0,0
6573.A0A210QGA8,6573.A0A210QNN3,1
13347.A0A444SBG3,13347.A0A444TVQ1,1
136037.A0A067R1V2,2018661.A0A2A2J1Q1,0
6188.A0A183QCU5,6188.A0A183RNL3,1
53326.A0A016UPC4,80966.ENSAPOP00000025299,0
6337.A0A0V0Y1N8,6337.A0A0V0Y3G4,1
6265.A0A0B2VW73,6412.T1FQ99,0
13347.A0A444TKD8,210632.ENSPRNP00000012746,0
13616.ENSMODP00000012318,282301.A0A267DT01,0
121845.A0A3Q0JM36,7240.B4Q335,0
286419.ENSCAFP00020002005,6313.A0A158PB17,0
7764.ENSEBUP00000000177,7764.ENSEBUP00000022276,1
136037.A0A067QEW8,8022.A0A060Z550,0
6412.T1FQB5,6412.T1G7R7,1
102285.A0A0R3T1M5,102285.A0A0R3TTK5,1
6290.A0A3P8AWB7,7227.FBpp0076849,0
13249.T1HKF7,7897.ENSLACP00000017045,0
53468.A0A158QT91,53468.A0A3P6I8D8,1
7574.A0A1S3H7P6,7574.A0A1S3JYX7,1
70667.A0A183SP96,93934.ENSCJPP00005002436,0
45351.A7RXS8,45351.A7S9W6,1
6412.T1EF01,6412.T1FQB5,1
37001.A0A1A9WDM4,70667.A0A183T2N8,0
102285.A0A0R3T5A2,37653.A0A0L8FHQ7,0
31246.A0A183P0V7,62062.ENSHHUP00000008247,0
6412.T1FMQ7,6412.T1FQB5,1
6205.A0A0R3WPB1,6205.A0A0R3WSV7,1
6183.G4VS25,947166.A0A1D1V7C9,0
126957.T1ITI1,126957.T1IXA7,1
102285.A0A0R3TCJ1,135651.G0MJ42,0
135651.G0NH40,69293.ENSGACP00000006697,0
31033.ENSTRUP00000081868,31246.A0A183NRU2,0
6412.T1FQB5,6412.T1G772,1
7227.FBpp0311539,7425.K7IQF3,0
407821.A0A087T2L6,6313.A0A0K0CXU5,0
13347.A0A444SK24,13347.A0A444TLS5,1
32507.ENSNBRP00000008598,32507.ENSNBRP00000028139,1
151549.A0A4C1V241,151549.A0A4C1ZEZ9,1
77166.U4TRG0,77166.U4TY70,1
31246.A0A183NFM4,31246.A0A183Q7V5,1
299467.A0A443SPI7,299467.A0A443SQY5,1
37003.ENSKMAP00000003932,61383.ENSLCNP00005034862,0
13347.A0A444TNR5,29170.A0A368HAW6,0
161767.ENSAPEP00000031077,32264.T1K5Z0,0
282301.A0A267EEA2,29170.A0A368F6I9,0
13347.A0A444SK24,13347.A0A444TFD2,1
7739.C3XS77,7739.C3Y8L2,1
947166.A0A1D1V1C1,947166.A0A1D1VSU8,1
103827.A0A0N5CR33,103827.A0A0N5CY13,1
7918.ENSLOCP00000016452,7918.ENSLOCP00000021021,1
40217.ENSJHYP00000000194,7739.C3Y3B5,0
400727.A0A2T7PHL9,407821.A0A087UUP4,0
7234.B4GE29,77166.U4UBA4,0
45351.A7RQX4,45351.A7T8W5,1
30464.ENSNPEP00000002643,407821.A0A087ULP3,0
7029.J9JYU1,137246.A0A401SWI7,0
37653.A0A0L8FGD3,37653.A0A0L8FZE4,1
1503980.A0A261BQC0,62062.ENSHHUP00000000651,0
13347.A0A444TJB2,13347.A0A444TR31,1
407821.A0A087SXU6,407821.A0A087UJL5,1
37653.A0A0L8G0Y2,400727.A0A2T7PKG6,0
79923.A0A419PFC7,79923.G7YUE7,1
195883.A0A482XAW4,318479.A0A0N4U839,0
6412.T1EM83,6412.T1FQB5,1
48269.A0A183LC32,8078.ENSFHEP00000024128,0
6832.A0A553NEL1,6832.A0A553P6T7,1
168631.A0A3S2M2J0,7994.ENSAMXP00000046074,0
201502.A0A1A9YK82,400727.A0A2T7NVD3,0
13347.A0A444SBG3,1661398.A0A482W6Z0,0
55544.A0A4D9DHS6,55544.A0A4D9DU92,1
105785.A0A2J7PU18,307972.A0A2G8KG26,0
6205.A0A0R3WI06,6205.A0A0R3WPB1,1
6182.A0A4Z2CVL9,6182.Q5DBF6,1
103372.F4WRJ7,6689.A0A3R7LYM6,0
13146.ENSMUNP00000016746,31246.A0A183PJ76,0
1965070.A0A3S3QN45,334426.A0A0R3PXI8,0
31234.E3NB25,77166.J3JUX7,0
13347.A0A444TPU1,46245.B5DPP1,0
2018661.A0A2A2JED0,2018661.A0A2A2L1W0,1
1965070.A0A3S3QN45,400727.A0A2T7PYW9,0
282301.A0A267F5M7,6945.Q4PM37,0
6412.T1FNE5,6412.T1FQB5,1
299321.ENSDCDP00000023799,299321.ENSDCDP00000046429,1
121224.E0VDU4,121224.E0VKP0,1
32264.T1KYB2,45351.A7RH11,0
6573.A0A210QXZ2,7227.FBpp0085919,0
48709.A0A1D2MTU0,8128.ENSONIP00000040171,0
61221.ENSVKKP00000010990,6526.A0A2C9LJP3,0
77166.U4U7N1,77166.U4UJ85,1
64791.A0A151X204,283909.R7U4A0,0
6184.A0A430QE20,6184.A0A430QF67,1
6183.A0A3Q0KVH1,6183.G4LVB0,1
31234.E3NB25,8175.ENSSAUP00010036862,0
7918.ENSLOCP00000018673,7918.ENSLOCP00000019037,1
7574.A0A1S3H7P6,7574.A0A1S3JYN0,1
64176.ENSPMRP00000013705,64176.ENSPMRP00000032801,1
37003.ENSKMAP00000015829,7260.B4N6C3,0
225164.V3ZPV5,425635.ENSCPGP00000001570,0
7719.ENSCINP00000022958,7719.ENSCINP00000031251,1
300112.A0A4S2KXB8,70667.A0A183TDT1,0
286419.ENSCAFP00020029260,12930.A0A0Q3Q5M1,0
7029.J9JQW3,7029.J9L0U7,1
8022.A0A060YEZ9,8022.A0A060YM78,1
7240.B4QYX7,7240.B4R5K9,1
6186.A0A183JG69,7994.ENSAMXP00000002725,0
13347.A0A444SF23,7764.ENSEBUP00000015354,0
70415.A0A5S6QIY6,7375.A0A0L0CM01,0
6573.A0A210PZD2,6689.A0A423UB53,0
318479.A0A0N4U3X4,6573.A0A210QXZ2,0
47308.ENSNMLP00000033129,6205.A0A0R3X7C9,0
6945.B7PQB9,947166.A0A1D1VM59,0
70667.A0A183TA61,12957.A0A158NAR2,0
104421.E2ALH3,7240.B4QQI2,0
104452.A0A0L7LCW2,104452.A0A0L7LFU6,1
6573.A0A210PZS4,6573.A0A210QKJ6,1
6412.T1FQB5,6412.T1G7Z2,1
13347.A0A444TR31,7238.B4IMQ8,0
6188.A0A183QVK5,6188.A0A183RNL3,1
103827.A0A0N5CY13,103827.A0A0N5D3G6,1
36166.T1GP17,36166.T1H3N2,1
7375.A0A0L0BSI8,7398.A0A1B0AG36,0
6412.T1EFK5,6412.T1G138,1
6689.A0A3R7QSN8,6689.A0A423T4F2,1
30608.ENSMICP00000022895,6211.A0A068YHJ6,0
6945.B7Q5G2,77166.N6TQ48,0
56723.ENSLBEP00000022611,7227.FBpp0077260,0
104452.A0A0L7KW19,137246.A0A401SC47,0
7227.FBpp0082737,7238.B4ICW1,0
1661398.A0A482VN81,6412.T1FT70,0
29139.ENSVURP00010003146,29172.A0A0D8X6R6,0
47308.ENSNMLP00000005581,47308.ENSNMLP00000016405,1
6280.A0A0N4T115,6280.A0A0N4T5G3,1
113540.ENSSFOP00015012901,79923.A0A3R7JKG7,0
1561998.A0A1I7UAZ5,6669.E9G6U8,0
70667.A0A0X3NQR8,70667.A0A183SVZ8,1
6412.T1EHD0,6412.T1FQB5,1
6265.A0A0B2UU85,6526.A0A2C9K1E4,0
13347.A0A444SGG7,13347.A0A444SY16,1
299467.A0A443SPF6,53326.A0A016S8S4,0
6184.A0A430PYU7,6265.A0A0B2VM63,0
7764.ENSEBUP00000005266,7998.ENSIPUP00000008452,0
53468.A0A0R3UCD4,53468.A0A0R3UD62,1
45351.A7RQX4,45351.A7S9W6,1
318479.A0A0N4U3X4,6184.A0A430QMD0,0
7764.ENSEBUP00000006031,7764.ENSEBUP00000026424,1
121845.A0A3Q0JM36,1611254.A0A2G5VK82,0
244447.ENSCSEP00000024495,400682.A0A1X7THZ2,0
6188.A0A183QJI2,6188.A0A183RNL3,1
299321.ENSDCDP00000023799,7994.ENSAMXP00000041679,0
283909.R7UE26,53326.A0A016VJH6,0
283909.R7U6F2,283909.R7VKN7,1
31246.A0A183NZ62,31246.A0A183PZF2,1
77166.U4UCB6,93934.ENSCJPP00005023774,0
45351.A7RQX4,45351.A7SWT9,1
6526.A0A2C9LJP3,53468.A0A0R3UES1,0
31246.A0A183PGA0,6205.A0A0R3X1I8,0
299467.A0A443SH04,6239.MTCE.26.1,0
144197.ENSSPAP00000018152,48709.A0A1D2MQM4,0
121845.A0A1S4E7V6,121845.A0A3Q0JI11,1
13249.T1H9T5,31234.E3NR55,0
6573.A0A210Q2G3,6573.A0A210R0S5,1
6211.A0A068Y5L9,6211.A0A087VYB3,1
47308.ENSNMLP00000005581,47308.ENSNMLP00000038110,1
7217.B3M4A6,38626.ENSPCIP00000036830,0
102285.A0A0R3T810,102285.A0A158QIC9,1
6973.A0A2P8XK65,6973.A0A2P8YFR3,1
44394.ENSZALP00000014541,7739.C3ZJE5,0
7238.B4HKI7,7238.B4HZM0,1
13249.T1I7H7,6184.A0A430QB31,0
2018661.A0A2A2JU63,2018661.A0A2A2LQU0,1
6412.T1FN32,6412.T1FQB5,1
31234.E3LJW8,31234.E3MDI6,1
70667.A0A183TC74,70667.A0A183TNN5,1
300112.A0A4V3SBV0,6526.A0A2C9KFZ1,0
104452.A0A0L7KSQ1,94237.ENSMMOP00000027875,0
104452.A0A0L7KXA5,104452.A0A0L7LFU6,1
6184.A0A430Q776,7739.C3Y3B5,0
6832.A0A553PSE9,7918.ENSLOCP00000019037,0
47308.ENSNMLP00000019310,47308.ENSNMLP00000035522,1
6669.E9GDR8,6669.E9HGA8,1
6216.A0A0R3SBX4,6216.A0A0R3SRS5,1
334426.A0A158PLR1,456900.A0A151IBE5,0
6313.A0A0K0D0C3,6689.A0A3R7MF24,0
6973.A0A2P8Y3E5,6205.A0A0R3X7C9,0
168631.A0A3S2KWR6,168631.A0A437B5F8,1
283909.R7UEQ1,70667.A0A3P7C8J6,0
37653.A0A0L8FPD0,6238.B6IIX6,0
126957.T1JB43,1611254.A0A2G5UT78,0
7574.A0A1S3J979,7574.A0A1S3JD70,1
400727.A0A2T7NB77,7238.B4HKI7,0
225164.V3ZPV5,64176.ENSPMRP00000031724,0
105785.A0A2J7PKV6,105785.A0A2J7RA76,1
168631.A0A3S2NW40,168631.A0A437BJS0,1
143630.A0A402F1L4,143630.A0A402G2R6,1
7240.B4Q5Z2,7240.B4QS09,1
1503980.A0A261C5J0,31246.A0A183NRU2,0
6186.A0A183JG46,70415.A0A5S6Q9E7,0
7176.B0VZR0,7176.B0WD51,1
31246.A0A183NL42,93934.ENSCJPP00005008469,0
1965070.A0A3S3PSM4,1965070.A0A443QKT6,1
6412.T1ELG0,6412.T1FQB5,1
7897.ENSLACP00000011372,31234.E3LVJ4,0
30019.A0A0M3QVM0,30019.A0A0M4ECF8,1
947166.A0A1D1VZM2,947166.A0A1D1W944,1
7217.B3MH59,947166.A0A1D1UJH6,0
6216.A0A0R3SA70,6412.T1FFY0,0
103827.A0A0N5CU23,31246.A0A183NVU8,0
6832.A0A553NYT5,6832.A0A553PB59,1
52670.A0A2I4C6P0,70667.A0A183SVZ8,0
1503980.A0A261BFU9,1503980.A0A261BWP4,1
1611254.A0A2G5VI50,400727.A0A2T7NQZ1,0
45351.A7RXS8,45351.A7SEF3,1
6182.A0A4Z2CYD7,6182.A0A4Z2DCB0,1
104452.A0A0L7KSQ6,36166.T1GZG6,0
30019.A0A0M5J1G8,7240.B4QF47,0
61221.ENSVKKP00000000503,8187.ENSLCAP00010007406,0
7227.FBpp0081918,7227.FBpp0289298,1
2018661.A0A2A2JBI7,2018661.A0A2A2K8M7,1
6182.A0A4Z2D4L5,8005.ENSEEEP00000025328,0
103695.ENSPVIP00000024611,6188.A0A183Q9T6,0
282301.A0A1I8GLJ0,282301.A0A267DWV9,1
6186.A0A183JF36,6186.A0A183KFE7,1
37546.A0A1B0GGC5,7764.ENSEBUP00000004807,0
195883.A0A482WK00,195883.A0A482X4N9,1
6211.A0A068Y0T8,7719.ENSCINP00000036537,0
7395.A0A1A9UY00,8090.ENSORLP00000027156,0
6185.A0A094ZXL4,6185.A0A095B3S5,1
6945.B7PSI8,6945.B7PSJ3,1
6210.U6JDZ9,7240.B4QU29,0
61221.ENSVKKP00000002517,6689.A0A3R7PIL7,0
7240.B4QXC8,7994.ENSAMXP00000029947,0
121224.E0VH68,7574.A0A1S3HCE4,0
6186.A0A183JXJ5,7260.B4MW16,0
62062.ENSHHUP00000016627,990121.A0A0V0Z1N4,0
7868.ENSCMIP00000003944,7868.ENSCMIP00000010027,1
6205.A0A0R3X7C9,6205.A0A0R3X9S4,1
6265.A0A0B2VGA7,6265.A0A0B2VM63,1
137246.A0A401RU55,2018661.A0A2A2JU16,0
102285.A0A0R3SZY2,1611254.A0A2G5UVK0,0
47308.ENSNMLP00000017485,47308.ENSNMLP00000035522,1
178035.A0A154NYL4,178035.A0A154PJF7,1
136037.A0A067RCL2,96440.ENSSMRP00000017215,0
6188.A0A183QPQ0,6188.A0A183RFY1,1
62062.ENSHHUP00000077441,62062.ENSHHUP00000085730,1
7739.C3XS77,7739.C3XU59,1
105785.A0A2J7QFN0,105785.A0A2J7QRY7,1
6336.A0A0V0SLK7,947166.A0A1D1V6M8,0
6412.T1FQB5,6412.T1FZ60,1
282301.A0A267DGB5,7238.B4HZC1,0
47308.ENSNMLP00000044628,8022.A0A060WJP6,0
6186.A0A183K7B9,6186.A0A183KAX9,1
37653.A0A0L8FHQ7,37653.A0A0L8G286,1
282301.A0A267DWV9,282301.A0A267EPM3,1
1965070.A0A3S3PH35,441894.ENSSCUP00000001235,0
151549.A0A4C1U3I9,7029.J9KFB1,0
77166.N6U2F2,77166.U4UTD8,1
102285.A0A0R3TNU3,407821.A0A087TGE7,0
6573.A0A210PZS4,6573.A0A210QRA4,1
30521.ENSBGRP00000033682,70667.A0A183TDT1,0
6188.A0A183QVK5,6188.A0A183R865,1
126957.T1IHI9,126957.T1IN33,1
102285.A0A0R3T442,102285.A0A0R3T810,1
6185.A0A094ZIY2,6185.A0A095B3S5,1
48709.A0A1D2MBZ1,8030.ENSSSAP00000105049,0
283909.R7UXB7,283909.R7VKN7,1
105785.A0A2J7PU18,56723.ENSLBEP00000012685,0
210632.ENSPRNP00000054380,7227.FBpp0304599,0
2018661.A0A2A2KCJ9,6186.A0A183JXJ5,0
45351.A7RGK8,45351.A7RZ08,1
45882.A0A0V1C8R8,6277.A0A498RYZ3,0
400727.A0A2T7NHS4,8187.ENSLCAP00010007406,0
225164.V4AHG7,225164.V4BDC3,1
299467.A0A443RY85,7764.ENSEBUP00000016141,0
143630.A0A402FNF6,143630.A0A402G2R6,1
13616.ENSMODP00000043878,7227.FBpp0073106,0
225164.V4CNP4,947166.A0A1D1UHL6,0
61221.ENSVKKP00000007845,64176.ENSPMRP00000013705,0
2489341.ENSSHBP00005003482,6185.A0A095B3S5,0
7234.B4GPZ0,7234.B4H3V4,1
1611254.A0A2G5UTA0,1611254.A0A2G5V0X8,1
36166.T1GPV0,36166.T1H515,1
947166.A0A1D1VGW5,947166.A0A1D1VZN5,1
400727.A0A2T7NY33,64176.ENSPMRP00000007600,0
8022.A0A060WJP6,8022.A0A060YWM0,1
53326.A0A016WX86,7574.A0A1S3JUY2,0
135651.G0NR85,135651.G0NZ40,1
30522.A0A4W2EH53,6186.A0A183KG62,0
6832.A0A553PPI8,6832.A0A553PTN2,1
1611254.A0A2G5UJJ0,1611254.A0A2G5VI50,1
48269.A0A183M373,7574.A0A1S3IG10,0
37653.A0A0L8FXI9,7764.ENSEBUP00000017838,0
37653.A0A0L8G430,77166.U4UCB6,0
407821.A0A087TNR3,55544.A0A4D9EJA6,0
121224.E0VZF1,62062.ENSHHUP00000004531,0
121845.A0A3Q0JM36,7395.A0A1A9UHX8,0
283909.R7UG07,53468.A0A3P6I8D8,0
225164.V4AI80,225164.V4BDC3,1
6182.A0A4Z2CVL9,8030.ENSSSAP00000024772,0
77166.U4U7N1,77166.U4USC0,1
195883.A0A482WNS4,195883.A0A482X813,1
7029.C4WU48,7029.J9LEK2,1
13347.A0A444T0Q3,38772.ENSGAGP00000013157,0
947166.A0A1D1VZN5,947166.A0A1D1WB24,1
103695.ENSPVIP00000009998,7227.FBpp0087493,0
113540.ENSSFOP00015004031,6186.A0A183KHE7,0
7240.B4QX99,7574.A0A1S3ID66,0
947166.A0A1D1UUQ8,947166.A0A1D1V4L9,1
6184.A0A430Q1K1,6184.A0A430Q4T1,1
407821.A0A087UPZ5,6182.A0A4Z2DLT8,0
1611254.A0A2G5THF9,8022.A0A060X998,0
268474.A0A0V1MFH7,8078.ENSFHEP00000029411,0
94128.A0A2A3E6T8,947166.A0A1D1VJC3,0
6184.A0A430QR53,6184.A0A430QRR0,1
194338.ENSACUP00000021456,7240.B4QF47,0
1676925.ENSPKIP00000001820,7091.H9JHT7,0
241587.ENSACOP00000008370,6945.B7PSI8,0
400727.A0A2T7NY33,400727.A0A2T7P4N6,1
6188.A0A183R003,6188.A0A183RHW0,1
135651.G0ML92,135651.G0P2D2,1
31234.E3LVJ4,407821.A0A087T1S1,0
6205.A0A0R3WL53,6205.A0A0R3WPB1,1
13347.A0A444TM81,47308.ENSNMLP00000017187,0
1561998.A0A1I7T4B5,334426.A0A158PFQ8,0
77166.U4U0M2,77166.U4UCB6,1
6973.A0A2P8XK35,6973.A0A2P8Y3Q6,1
7994.ENSAMXP00000054309,947166.A0A1D1VEC8,0
143630.A0A402FCB2,143630.A0A402G2R6,1
29172.A0A0D8X6I6,6183.A0A5K4F0M9,0
45351.A7SW72,45351.A7T0N7,1
6198.A0A074ZY49,70667.A0A0X3NS56,0
48269.A0A183MN20,6186.A0A183KDK9,0
6689.A0A423THY4,6689.A0A423U7Q7,1
1503980.A0A261BFU9,1503980.A0A261CDZ7,1
2018661.A0A2A2L5G2,2018661.A0A2A2LC92,1
113540.ENSSFOP00015012901,7029.J9KN63,0
70415.A0A5S6QG90,70415.A0A5S6QQ46,1
104421.E2AXQ0,104421.E2AYJ8,1
6182.A0A4Z2CVL9,62062.ENSHHUP00000037935,0
103827.A0A0N5D780,13735.ENSPSIP00000003510,0
64176.ENSPMRP00000014888,77166.U4UCN6,0
210632.ENSPRNP00000008764,29172.A0A0D8Y9A2,0
7240.B4QQA7,7240.Q6W758,1
8083.ENSXMAP00000020627,947166.A0A1D1UTW5,0
6185.A0A095A2W2,6669.E9HAF5,0
597456.A0A0L7R1P1,597456.A0A0L7RFA0,1
6412.T1FQB5,6412.T1FXR9,1
6184.A0A430QA03,6184.A0A430QHN2,1
6412.T1EUA6,6412.T1FQB5,1
6973.A0A2P8XD53,6973.A0A2P8XTF1,1
7244.B4LLW1,136037.A0A067QEW8,0
36166.T1GNM9,36166.T1H0A0,1
53468.A0A0R3UD62,53468.A0A0R3UDX9,1
13249.T1HFP7,6973.A0A2P8XHW1,0
7227.FBpp0290163,7227.FBpp0306017,1
104452.A0A0L7L6V4,104452.A0A0L7LD58,1
61819.ENSACIP00000029489,947166.A0A1D1VDZ7,0
36166.T1H0A0,36166.T1H0D9,1
307972.A0A2G8KF53,307972.A0A2G8KW19,1
104421.E1ZYD0,400682.A0A1X7US35,0
2018661.A0A2A2J9X9,2018661.A0A2A2JT65,1
400682.A0A1X7VIM7,54126.H3FT01,0
7739.C3Y0H7,7739.C3ZJE5,1
6205.A0A0R3X4Y1,6205.A0A0R3X9I7,1
6184.A0A430QC15,6184.A0A430QN33,1
6186.A0A183JE88,6186.A0A183JG69,1
6183.A0A3Q0KVH1,64144.ENSATEP00000025559,0
104452.A0A0L7K4U6,104452.A0A0L7KSQ1,1
400727.A0A2T7PI20,400727.A0A2T7PYP0,1
286419.ENSCAFP00020002883,56216.A0A1A6HXA8,0
195883.A0A482XJG2,7994.ENSAMXP00000019127,0
28377.ENSACAP00000006302,6198.A0A074ZY41,0
7739.C3Y0H7,7739.C3Z1C3,1
6412.T1EX43,6412.T1FQB5,1
135651.G0N5J5,6526.A0A2C9JQ09,0
7240.B4Q6D9,7240.B4QTN1,1
48269.A0A183N6Z0,6238.A8X3Y4,0
6182.A0A4Z2DCB0,6182.A0A4Z2DRP0,1
6188.A0A183R532,8005.ENSEEEP00000026849,0
6182.A0A4Z2CWF2,6182.C1LXM9,1
6412.T1F2F1,6412.T1FQB5,1
300112.A0A4S2JBQ0,300112.A0A4S2JQ56,1
53326.A0A016STX5,53326.A0A016WIM6,1
13347.A0A444T345,13347.A0A444TPU1,1
7260.B4MNX9,990121.A0A0V0Z1N4,0
70667.A0A183SA08,70667.A0A183SF65,1
45351.A7RQX4,45351.A7RUI7,1
1611254.A0A2G5VGB9,46245.Q29KV1,0
283909.R7TWV5,283909.R7VKN7,1
47308.ENSNMLP00000007882,6182.A0A4Z2CWF2,0
46731.A0A3M6UVH5,6239.C37A2.4a.1,0
300112.A0A4S2KGN1,32264.T1KL86,0
121845.A0A3Q0JHY7,126957.T1IPZ1,0
318479.A0A0N4UPX0,407821.A0A087TVQ4,0
6205.A0A0R3X3G8,6573.A0A210PS41,0
6205.A0A0R3WTB3,6526.A0A2C9K687,0
407821.A0A087T5V8,407821.A0A087V0P7,1
6184.A0A430QC15,6184.A0A430QN69,1
31234.E3N9Y9,79684.ENSMOCP00000003247,0
6282.A0A044QZA3,77166.U4UCN6,0
143630.A0A402EWK2,56716.ENSCGOP00000028812,0
135651.G0MMM5,135651.G0PK37,1
168631.A0A3S2PE44,168631.A0A437BJS0,1
1676925.ENSPKIP00000033147,7227.FBpp0303688,0
597456.A0A0L7QQT3,597456.A0A0L7RIP7,1
6184.A0A430Q408,947166.A0A1D1V1C1,0
6185.A0A095A2Y9,6185.A0A095A5J4,1
143630.A0A402EH48,6412.T1ESX2,0
105785.A0A2J7PYT2,46245.Q29AP1,0
93934.ENSCJPP00005002603,93934.ENSCJPP00005009906,1
1611254.A0A2G5U711,286419.ENSCAFP00020026600,0
168631.A0A3S2LGZ7,48269.A0A183MG53,0
1611254.A0A2G5USR2,62062.ENSHHUP00000072276,0
53468.A0A0R3U8I2,53468.A0A3P6I8D8,1
103695.ENSPVIP00000022133,6973.A0A2P8XZQ9,0
37347.ENSTBEP00000007018,947166.A0A1D1VJP9,0
307972.A0A2G8K278,56216.A0A1A6G3A5,0
137246.A0A401TXG6,77166.U4U8C6,0
333673.A0A3M0IZ04,6832.A0A553PB13,0
7868.ENSCMIP00000009134,7868.ENSCMIP00000016052,1
597456.A0A0L7RER5,7764.ENSEBUP00000006031,0
6188.A0A183QE32,6188.A0A183QRS8,1
6216.A0A0R3SKT3,6216.A0A158QF15,1
1503980.A0A261BPX7,6188.A0A183Q8W7,0
48709.A0A1D2MWJ5,48709.A0A1D2NC09,1
6265.A0A0B2V810,6265.A0A0B2VT40,1
143630.A0A402EWK2,143630.A0A402F4U6,1
6205.A0A0R3WPB1,6205.A0A0R3WY06,1
64144.ENSATEP00000007377,7227.FBpp0082427,0
1611254.A0A2G5T7A9,1611254.A0A2G5V9P7,1
30019.A0A0M3QVM0,30019.A0A0M4EDJ2,1
37032.ENSSSUP00005027986,7719.ENSCINP00000025648,0
102285.A0A0R3T810,102285.A0A0R3TSR5,1
31234.E3N9Y9,70415.A0A5S6QL85,0
104452.A0A0L7K4Q9,104452.A0A0L7KW19,1
7764.ENSEBUP00000003464,7764.ENSEBUP00000026872,1
168631.A0A3S2N554,168631.A0A437BVU0,1
1661398.A0A482VCV7,32264.T1K5Z0,0
6183.A0A3Q0KKI5,77166.N6U2A7,0
6526.A0A2C9JRT3,6526.A0A2C9LMK2,1
168631.A0A437BJS0,48698.ENSPFOP00000020923,0
6186.A0A183K5J8,6186.A0A183L6D7,1
55661.A0A091FRB9,947166.A0A1D1UTB4,0
46245.B5DS02,47308.ENSNMLP00000007882,0
121845.A0A1S4EK74,121845.A0A3Q0J6S2,1
31246.A0A183NDC8,947166.A0A1D1V1W8,0
1611254.A0A2G5T0M0,1611254.A0A2G5U7C9,1
126957.T1IN33,126957.T1JJR0,1
268474.A0A0V1MH23,79923.A0A419PH16,0
1611254.A0A2G5SK35,6183.G4VGM0,0
52670.A0A2I4AUN8,7232.A0A484AUT3,0
121845.A0A3Q0JHY7,7217.B3M520,0
6412.T1FQB5,6412.T1FZK2,1
53326.A0A016W1L3,53326.A0A016WMI4,1
102285.A0A0R3T810,8022.A0A060XWE5,0
104421.E2AD69,46245.Q29GF7,0
126957.T1IZ22,126957.T1JBQ6,1
121845.A0A1S3D469,1611254.A0A2G5V0X8,0
102285.A0A0R3T810,102285.A0A0R3TK30,1
6185.A0A094ZBZ9,6185.A0A095CD16,1
283909.R7TWV5,283909.R7UEQ1,1
282301.A0A267DQY8,282301.A0A267F4S4,1
307972.A0A2G8KIF3,307972.A0A2G8KW19,1
299467.A0A443S2V3,299467.A0A443SDL0,1
7238.B4HKP6,7238.B4I3D3,1
137246.A0A401S352,137246.A0A401SZ81,1
113540.ENSSFOP00015023087,6184.A0A430Q0J5,0
6211.A0A068XTG5,6211.A0A087VYB3,1
407821.A0A087SUY4,7234.B4H0F2,0
13347.A0A444T6Y9,7217.B3MB24,0
282301.A0A1I8FUB4,282301.A0A267FPD7,1
70667.A0A183TNN5,70667.A0A3P7ERC0,1
6573.A0A210Q2G3,6573.A0A210R2I6,1
143630.A0A402F4S0,143630.A0A402G2R6,1
6293.A0A1I8EDP9,6335.A0A0V1L416,0
7764.ENSEBUP00000004807,7764.ENSEBUP00000011652,1
586833.ENSMMDP00005026413,7719.ENSCINP00000035839,0
40217.ENSJHYP00000000635,7574.A0A1S3JJ54,0
7868.ENSCMIP00000003944,7868.ENSCMIP00000021836,1
407821.A0A087T706,407821.A0A087TLS1,1
6689.A0A423SHP9,6689.A0A423SKP9,1
6184.A0A430QC87,6184.A0A430QHN2,1
77166.N6T0S2,77166.U4UCB6,1
104452.A0A0L7L8Z4,104452.A0A0L7LFU6,1
6945.B7Q1Q9,6945.B7Q5G2,1
7070.D1ZZG8,7070.D6WHQ9,1
31234.E3LVJ4,31234.E3MDI6,1
13347.A0A444TBC2,8078.ENSFHEP00000000725,0
6669.E9H8C3,48269.A0A183M088,0
53468.A0A0R3U568,53468.A0A0R3UD62,1
2018661.A0A2A2K881,2018661.A0A2A2M087,1
104421.E2AD69,104421.E2ANE2,1
143630.A0A402FJE7,143630.A0A402G2R6,1
407821.A0A087UJL5,407821.A0A087V0P7,1
407821.A0A087UWZ5,70667.A0A183SV19,0
6183.A0A3Q0KEP5,6183.A0A3Q0KVH1,1
471704.A0A195DCF2,6188.A0A183RFY1,0
400682.A0A1X7VW51,7227.FBpp0079445,0
46835.A0A504YVX9,6689.A0A423U5C2,0
48709.A0A1D2MTP8,48709.A0A1D2MXW8,1
1503980.A0A261BIE4,30538.ENSVPAP00000011334,0
6185.A0A095A2W2,93934.ENSCJPP00005002603,0
143630.A0A402G3T4,29170.A0A368FXZ7,0
1676925.ENSPKIP00000041748,6973.A0A2P8XK65,0
102285.A0A0R3T1Y5,102285.A0A0R3T810,1
7240.B4Q335,7240.B4QN56,1
53326.A0A016UH02,53326.A0A016W7F7,1
6186.A0A183L346,64144.ENSATEP00000023805,0
70415.A0A5S6Q4K6,70415.A0A5S6QJN8,1
400727.A0A2T7NGV9,400727.A0A2T7NWL5,1
31234.E3MZR8,7764.ENSEBUP00000026617,0
1611254.A0A2G5U6F4,1611254.A0A2G5U719,1
137246.A0A401SVQ6,6188.A0A183QRS8,0
1561998.A0A1I7T7S9,6182.A0A4Z2DR71,0
6832.A0A553NUT2,7234.B4H2C3,0
52670.A0A2I4CF46,79923.A0A419QG05,0
38626.ENSPCIP00000047989,6182.A0A4Z2CWF2,0
6188.A0A183QQM6,6188.A0A183R7J5,1
6412.T1FNA3,6412.T1FQB5,1
31246.A0A183NV28,77166.U4UXG6,0
143630.A0A402F6N7,143630.A0A402G2R6,1
31246.A0A183NY67,31246.A0A183PNH6,1
178035.A0A154PJF7,178035.A0A154PUA2,1
126957.T1JF68,7757.ENSPMAP00000007507,0
7227.FBpp0087493,80966.ENSAPOP00000021574,0
47308.ENSNMLP00000005581,47308.ENSNMLP00000012028,1
299321.ENSDCDP00000005365,46835.A0A504Z6K4,0
7227.FBpp0307559,7998.ENSIPUP00000029502,0
47308.ENSNMLP00000002621,47308.ENSNMLP00000035522,1
6184.A0A430Q471,6184.A0A430QC15,1
947166.A0A1D1VL39,947166.A0A1D1VZN5,1
282301.A0A1I8HDS5,282301.A0A267FBR6,1
13347.A0A444STB3,143630.A0A402F863,0
61819.ENSACIP00000018923,6573.A0A210R7K9,0
31246.A0A183NRU2,32473.ENSXCOP00000025706,0
151549.A0A4C1WYH5,7950.ENSCHAP00000006039,0
1503980.A0A261BWD6,6689.A0A423T5F6,0
6184.A0A430QPD6,6290.A0A0N4WVT2,0
53326.A0A016SUE8,53326.A0A016WX86,1
210632.ENSPRNP00000008764,210632.ENSPRNP00000011216,1
7217.B3MH59,7764.ENSEBUP00000013274,0
70667.A0A183SA08,70667.A0A183TEY9,1
12957.A0A158NR84,7244.B4M3X5,0
126957.T1IQD8,1965070.A0A3S3SJR1,0
103372.F4WQV6,103372.F4WVK6,1
47308.ENSNMLP00000005581,47308.ENSNMLP00000025256,1
6238.A8WJ61,6238.A8WP00,1
6412.T1ED40,6412.T1FUQ6,1
6205.A0A0R3WQ67,7574.A0A1S3JIQ8,0
30608.ENSMICP00000044778,7240.B4NTZ2,0
1561998.A0A1I7U824,6832.A0A553PNW5,0
136037.A0A067RC67,136037.A0A067RJ81,1
6205.A0A0R3WPB1,6205.A0A0R3X184,1
6669.E9GDR8,6669.E9HA39,1
2018661.A0A2A2LC68,46835.A0A504WT18,0
96440.ENSSMRP00000020598,990121.A0A0V0XD45,0
268474.A0A0V1M5D9,268474.A0A0V1MAI5,1
6832.A0A553NEL1,6832.A0A553PS03,1
137246.A0A401TCX0,93934.ENSCJPP00005002603,0
104452.A0A0L7KW19,30538.ENSVPAP00000005063,0
6205.A0A0R3WIY4,6205.A0A0R3WSK6,1
48269.A0A183MN97,48269.A0A183MQ77,1
282301.A0A267FW07,282301.A0A267GPD6,1
13347.A0A444SHP0,13347.A0A444STX7,1
400727.A0A2T7NBU7,70667.A0A183TA61,0
6184.A0A430QC15,6184.A0A430QDA7,1
13347.A0A444T5M8,282301.A0A267GJP9,0
13347.A0A444T9F8,2015173.A0A026X2G3,0
70667.A0A183SA08,70667.A0A3P7C8J6,1
425635.ENSCPGP00000001072,8022.A0A060XJP5,0
2018661.A0A2A2J9X9,2018661.A0A2A2LLA4,1
1611254.A0A2G5T0M0,7260.B4MLH6,0
96440.ENSSMRP00000017186,96440.ENSSMRP00000021290,1
31246.A0A183NT82,31246.A0A183NY67,1
7764.ENSEBUP00000015287,7764.ENSEBUP00000021906,1
282301.A0A267F5M7,6186.A0A183JGY3,0
407821.A0A087T1S1,7897.ENSLACP00000005801,0
6412.T1EDE9,6412.T1FQB5,1
225164.V4A3C2,6832.A0A553PGL5,0
7764.ENSEBUP00000004699,7764.ENSEBUP00000026872,1
12957.A0A158NR84,12957.A0A158P242,1
53468.A0A0R3UAV0,53468.A0A0R3UD62,1
94128.A0A2A3EN49,94128.A0A2A3EP75,1
7739.C3Y1H1,7739.C3YPR3,1
46835.A0A504Z4A9,53468.A0A3P6ICH1,0
40217.ENSJHYP00000015008,40217.ENSJHYP00000016556,1
6412.T1EMI9,6412.T1FQB5,1
6573.A0A210QRA4,6573.A0A210QXX1,1
46835.A0A504YF33,46835.A0A504YML5,1
211598.ENSANIP00000025466,7260.B4NKJ9,0
6185.A0A095AR32,407821.A0A087UQQ5,0
6205.A0A0R3XCS1,7757.ENSPMAP00000004289,0
48709.A0A1D2MWJ5,94827.A0A099Z186,0
6832.A0A553PGL5,7955.ENSDARP00000141388,0
7574.A0A1S3HZ79,8078.ENSFHEP00000014747,0
62062.ENSHHUP00000019351,7719.ENSCINP00000025648,0
7868.ENSCMIP00000042757,93934.ENSCJPP00005002603,0
6185.A0A095AR32,6185.A0A095BWA6,1
47308.ENSNMLP00000005729,7238.B4HDY6,0
282301.A0A267DT01,282301.A0A267FW07,1
151549.A0A4C1UG46,6526.A0A2C9JR63,0
299321.ENSDCDP00000025576,37653.A0A0L8HQR5,0
1611254.A0A2G5SKJ5,1611254.A0A2G5T7A9,1
53326.A0A016RRA3,53326.A0A016UH02,1
48269.A0A183M280,48269.A0A183MVP0,1
268475.A0A0V1GJZ1,268475.A0A0V1GTQ9,1
135651.G0P8I1,7227.FBpp0082158,0
47308.ENSNMLP00000002621,47308.ENSNMLP00000005581,1
7227.FBpp0304599,36166.T1H6I7,0
126957.T1ITI1,7897.ENSLACP00000020665,0
135651.G0NZ40,135651.G0PMH3,1
29170.A0A368H0A8,29170.A0A368H4A3,1
7719.ENSCINP00000024129,7719.ENSCINP00000034689,1
6248.A0A0K0E3S8,6248.A0A0K0EMB8,1
6412.T1EYD6,7240.B4QM04,0
48269.A0A183LLP6,7222.B4JR67,0
6313.A0A158PCB2,7029.J9KFB1,0
7240.B4Q6D9,7240.B4QAP5,1
407821.A0A087T658,407821.A0A087UQQ5,1
53326.A0A016VXZ5,77166.U4TY70,0
168631.A0A3S2LVN6,46835.A0A504ZAU6,0
46731.A0A3M6TMD9,6412.T1ERY4,0
62062.ENSHHUP00000048300,7029.J9K8V8,0
168631.A0A3S2M7G4,168631.A0A3S2NPZ5,1
48709.A0A1D2M5V5,48709.A0A1D2MQ07,1
47308.ENSNMLP00000005581,47308.ENSNMLP00000044628,1
7739.C3Y0H7,7739.C3Y2R6,1
6412.T1EDP9,6412.T1FQB5,1
62062.ENSHHUP00000028593,64176.ENSPMRP00000008176,0
31246.A0A183NIX9,6832.A0A553P3M1,0
13347.A0A444SET7,13347.A0A444T9F8,1
6216.A0A0R3SRS5,7998.ENSIPUP00000009175,0
126957.T1JCR6,126957.T1JF68,1
7232.A0A484AUN5,7232.A0A484BTL7,1
143630.A0A402G157,69293.ENSGACP00000016486,0
7398.A0A1A9ZG30,7398.A0A1B0AG36,1
31246.A0A183NDC8,6238.A8XNW9,0
143630.A0A402FI30,32264.T1K5Z0,0
37003.ENSKMAP00000006955,8030.ENSSSAP00000067160,0
46731.A0A3M6TMV6,6248.A0A0K0E1M2,0
6573.A0A210Q163,6573.A0A210QNN3,1
29172.A0A0D8Y3T9,586833.ENSMMDP00005035648,0
103827.A0A0N5D4U1,53326.A0A016W1L3,0
6185.A0A095A343,6185.A0A095B3S5,1
947166.A0A1D1VUW0,947166.A0A1D1VZN5,1
6239.Y41C4A.10.1,6412.T1FHB2,0
13249.R4FKT4,13249.T1HA55,1
102285.A0A0R3TMJ2,102285.A0A0R3TU19,1
126957.T1IN33,126957.T1J4Z2,1
7091.H9JAC9,7091.H9JAD2,1
283909.R7VHQ7,283909.R7VKN7,1
6290.A0A0N4W647,7238.B4HU27,0
6293.A0A1I8EJW8,7240.B4Q632,0
520822.A0A195B6F3,520822.A0A195BIT6,1
1611254.A0A2G5SWU5,1611254.A0A2G5VGB9,1
1503980.A0A261BJD8,7227.FBpp0082427,0
299321.ENSDCDP00000014391,299321.ENSDCDP00000033977,1
37653.A0A0L8HFZ4,70667.A0A183SA08,0
47308.ENSNMLP00000005581,47308.ENSNMLP00000019310,1
195883.A0A482X813,38626.ENSPCIP00000036830,0
151549.A0A4C1U5Y5,6290.A0A0N4WVT2,0
6313.A0A0K0D0C3,135651.G0PMH3,0
135651.G0MKU9,6248.A0A0K0EMW3,0
6184.A0A430Q0J5,6184.A0A430QR71,1
151549.A0A4C1W5I2,48269.A0A183LLQ7,0
6205.A0A0R3WPB1,6205.A0A0R3WV74,1
126957.T1ITI1,126957.T1J2C1,1
283909.R7UEQ1,8010.ENSELUP00000013832,0
441894.ENSSCUP00000022350,441894.ENSSCUP00000023908,1
30522.A0A4W2C1A0,6188.A0A183QRS8,0
7240.B4NTZ2,7240.B4R0Y3,1
47308.ENSNMLP00000016405,47308.ENSNMLP00000035522,1
6973.A0A2P8XWP4,6973.A0A2P8ZA24,1
283909.R7UM34,283909.R7VCA9,1
143630.A0A402F8R2,143630.A0A402G2R6,1
7238.B4I4L0,7238.B4IMG8,1
6183.A0A3Q0KVH1,6183.G4V5Q1,1
425635.ENSCPGP00000001072,425635.ENSCPGP00000002093,1
13249.T1HL67,6669.E9HSC6,0
6184.A0A430Q6G9,6184.A0A430QLJ8,1
400727.A0A2T7NHS4,400727.A0A2T7PI20,1
13347.A0A444TDW9,194338.ENSACUP00000002456,0
7240.B4Q3N7,7244.B4LLW1,0
6216.A0A0R3SC52,6216.A0A158QDB9,1
38654.A0A1U7SKT5,7217.B3MBU2,0
456900.A0A151IBE5,77166.U4TUW6,0
13347.A0A444TT31,70667.A0A3P7CI52,0
143630.A0A402E753,143630.A0A402EWK2,1
7232.A0A484BHP9,7764.ENSEBUP00000014989,0
6412.T1EGC0,6412.T1FQB5,1
29172.A0A0D8XY35,990121.A0A0V0Z8E2,0
456900.A0A195CIM3,6313.A0A0K0CVH8,0
30019.A0A0M3QVM0,6182.A0A4Z2CUV7,0
1965070.A0A443RDQ2,400682.A0A1X7SZ31,0
6973.A0A2P8XK65,6973.A0A2P8XTF1,1
69293.ENSGACP00000006697,48269.A0A183LC32,0
6832.A0A553PNW5,6832.A0A553PTN2,1
48709.A0A1D2MWJ5,48709.A0A1D2NG27,1
1611254.A0A2G5UHT2,6973.A0A2P8ZJH0,0
6973.A0A2P8XD53,6973.A0A2P8Z960,1
46835.A0A504ZAU6,7240.A0ANN4,0
36166.T1GHU0,7719.ENSCINP00000001547,0
46245.B5DWZ2,7244.B4LGA6,0
8010.ENSELUP00000016292,8010.ENSELUP00000041999,1
6337.A0A0V0YJP6,8010.ENSELUP00000027526,0
45351.A7RXS8,45351.A7SEF5,1
104452.A0A0L7KSQ1,104452.A0A0L7KWG6,1
13249.T1HKF7,1561998.A0A1I7U6Q1,0
407821.A0A087SXU6,407821.A0A087T5V8,1
47308.ENSNMLP00000017362,47308.ENSNMLP00000040820,1
53326.A0A016VZU5,53326.A0A016W1L3,1
6184.A0A430QC15,6184.A0A430QSI7,1
178035.A0A154P154,178035.A0A154PJF7,1
29170.A0A368F6I9,31033.ENSTRUP00000070343,0
121224.E0VWC4,31234.E3NTQ9,0
268474.A0A0V1MPJ5,268474.A0A0V1N1Y5,1
48269.A0A183NCJ7,6337.A0A0V0YCZ2,0
29170.A0A368F3N3,6184.A0A430QLZ5,0
13249.T1HA55,13249.T1HEJ3,1
307972.A0A2G8KIQ8,7897.ENSLACP00000000561,0
318479.A0A158Q4G1,318479.A0A3P7STQ7,1
102285.A0A0R3TL12,102285.A0A0R3TU19,1
6183.A0A3Q0KVH1,6183.G4VIB9,1
31234.E3MDS0,31234.E3NKK2,1
121845.A0A1S3CUG2,37548.ENSCAPP00000006717,0
7234.B4GMF4,7234.B4GWU3,1
137246.A0A401RLD4,2018661.A0A2A2J7P4,0
136037.A0A067QVF6,136037.A0A067RC67,1
6184.A0A430Q4T1,6184.A0A430QR71,1
7739.C3Y0H7,7739.C3Z1B8,1
7227.FBpp0303688,7764.ENSEBUP00000014707,0
400682.A0A1X7TKM7,47308.ENSNMLP00000020936,0
45351.A7RQX4,6211.A0A068XTG5,0
47308.ENSNMLP00000022625,47308.ENSNMLP00000035522,1
137246.A0A401S199,137246.A0A401SWI7,1
400682.A0A1X7TT98,400682.A0A1X7VAQ9,1
53468.A0A0R3UD62,53468.A0A158QVS6,1
47308.ENSNMLP00000012028,47308.ENSNMLP00000035522,1
7217.B3MME1,7260.B4NKJ9,0
6188.A0A183QSY9,6188.A0A183QYK6,1
53326.A0A016WGE5,6832.A0A553PFF2,0
29172.A0A0D8XEZ6,29172.A0A0D8XY35,1
45351.A7RGK8,53468.A0A0R3UER9,0
7739.C3XSF0,7739.C3YJA9,1
6188.A0A183QT33,6188.A0A183RFY1,1
135651.G0MEB3,135651.G0MVF1,1
6412.T1EM88,6412.T1FQB5,1
7238.B4IBQ1,7238.B4IMG8,1
1611254.A0A2G5VFZ3,6290.A0A3P7UPK1,0
318479.A0A0N4U839,318479.A0A0N4UAH0,1
282301.A0A267GGM2,7227.FBpp0304887,0
6412.T1FNP6,6412.T1FQB5,1
2018661.A0A2A2JT65,93934.ENSCJPP00005004049,0
520822.A0A195BIT6,77166.N6TY10,0
299321.ENSDCDP00000014391,299321.ENSDCDP00000051571,1
118797.A0A340X645,7217.B3LY11,0
70667.A0A183SM72,7244.B4LY34,0
6205.A0A0R3WPB1,6205.A0A0R3X0E6,1
7240.B4QDX0,7240.B4QY30,1
143630.A0A402EJU5,143630.A0A402G2R6,1
520822.A0A195B6F3,520822.A0A195BAG5,1
46731.A0A3M6UJ52,7070.D6WH57,0
30538.ENSVPAP00000008378,47969.ENSOABP00000041437,0
62062.ENSHHUP00000048300,456900.A0A151IBE5,0
48709.A0A1D2N1P8,7227.FBpp0084040,0
7764.ENSEBUP00000004807,7764.ENSEBUP00000011797,1
37032.ENSSSUP00005028934,6832.A0A553P3M1,0
282301.A0A267DHU8,29073.ENSUMAP00000005751,0
30732.ENSOMEP00000023847,7238.B4I5A2,0
12930.A0A0Q3Q5M1,7234.B4GPZ0,0
400682.A0A1X7TT98,400682.A0A1X7VEI4,1
7217.A0A0P8XF99,7217.B3M6F6,1
407821.A0A087TT72,407821.A0A087TXY5,1
31234.E3LFF3,31234.E3MCW7,1
6211.A0A068Y029,7227.FBpp0070072,0
7102.A0A2A4JA28,7102.A0A2A4K204,1
6184.A0A430Q5R1,6184.A0A430QC15,1
29170.A0A368FKY7,47308.ENSNMLP00000014772,0
6205.A0A0R3WPB1,6205.A0A0R3WTQ2,1
37003.ENSKMAP00000015829,7217.B3M4G7,0
104452.A0A0L7KSQ1,104452.A0A0L7LGJ3,1
46835.A0A504YD89,46835.A0A504Z531,1
37653.A0A0L8G1N4,7232.A0A484BMW6,0
61221.ENSVKKP00000013671,7227.FBpp0309689,0
46731.A0A3M6U8V7,46731.A0A3M6UFW5,1
47308.ENSNMLP00000035522,47308.ENSNMLP00000038110,1
103827.A0A0N5D021,32473.ENSXCOP00000010515,0
7375.A0A0L0CAS9,7375.A0A0L0CMX4,1
56216.A0A1A6GT71,56216.A0A1A6HXA8,1
54126.H3F524,6526.A0A2C9K687,0
268475.A0A0V1GTQ9,6280.A0A0N4TJV6,0
7739.C3XS77,7739.C3Z4R9,1
32264.T1KWZ3,32264.T1KYB2,1
53468.A0A0R3UD62,53468.A0A0R3UFN5,1
1611254.A0A2G5UUF5,1611254.A0A2G5VGD7,1
46731.A0A3M6UNH4,6248.A0A0K0DVH1,0
48709.A0A1D2MTU0,6526.A0A2C9LS84,0
70415.A0A5S6QG90,70415.A0A5S6QJF6,1
29170.A0A368H437,7244.B4LSU1,0
283909.R7VKN7,31234.E3NAE3,0
7240.B4QN56,7240.B4R2H6,1
6689.A0A3R7MJM5,6689.A0A423TU39,1
31246.A0A183NG89,46245.A0A0R3NW10,0
6185.A0A095A4L4,6185.A0A095BWA6,1
6183.A0A3Q0KJ51,6183.A0A3Q0KVH1,1
127582.A0A2Y9DU12,300112.A0A4S2KHN4,0
126957.T1IN33,126957.T1J004,1
31234.E3MI36,6198.A0A074ZY41,0
6183.G4LX41,93934.ENSCJPP00005002603,0
1611254.A0A2G5SK35,1611254.A0A2G5T7A9,1
282301.A0A267DWV9,282301.A0A267FNT6,1
53468.A0A0R3UEP8,6198.A0A074ZP91,0
94128.A0A2A3EHV8,94128.A0A2A3EP75,1
126957.T1IN89,1676925.ENSPKIP00000031902,0
31033.ENSTRUP00000070343,425635.ENSCPGP00000002093,0
1503980.A0A261C7X5,7260.B4MQN3,0
77166.U4UKI1,94128.A0A2A3E3S7,0
102285.A0A0R3TE21,407821.A0A087UXX1,0
7739.C3YD69,7739.C3YTK8,1
37653.A0A0L8GRY3,48269.A0A183MK76,0
121845.A0A1S4EBI3,6832.A0A553N6N3,0
32264.T1JTB8,7227.FBpp0082427,0
8030.ENSSSAP00000067160,8030.ENSSSAP00000085860,1
53326.A0A016RS86,53326.A0A016UH02,1
947166.A0A1D1V7C9,70415.A0A5S6Q210,0
102285.A0A0R3T1N3,102285.A0A0R3T9D4,1
597456.A0A0L7QQT3,8090.ENSORLP00000001194,0
441366.ENSGWIP00000023693,53326.A0A016RYM6,0
286419.ENSCAFP00020029260,400727.A0A2T7P2J4,0
7240.B4QS09,8175.ENSSAUP00010048456,0
168631.A0A3S2KWR6,168631.A0A437BVU0,1
6832.A0A553NS83,6832.A0A553P622,1
7244.B4LL75,990121.A0A0V1AFK7,0
6573.A0A210PFB2,6573.A0A210R7K9,1
334426.A0A0R3PMT5,7217.B3MJY5,0
121845.A0A1S3CTK5,121845.A0A3Q0JHY7,1
6412.T1EEB5,6412.T1FQB5,1
6211.A0A068YHJ6,6211.A0A087VZT2,1
6184.A0A430Q3H4,6689.A0A3R7LXK1,0
7719.ENSCINP00000007143,7719.ENSCINP00000014805,1
307972.A0A2G8KQJ3,7370.A0A1I8M4R7,0
6183.A0A146MHS2,6183.A0A3Q0KVH1,1
126957.T1IQD8,7739.C3YDQ6,0
31033.ENSTRUP00000074332,6182.A0A4Z2CWF2,0
6265.A0A0B2V7U4,6265.A0A0B2VT40,1
407821.A0A087U8E9,53468.A0A0R3UMW1,0
53468.A0A0R3UM12,6526.A0A2C9KWV9,0
37653.A0A0L8GQ11,61383.ENSLCNP00005018306,0
47308.ENSNMLP00000005581,47308.ENSNMLP00000028891,1
45351.A7SPM9,45351.A7SPW1,1
299321.ENSDCDP00000049569,6186.A0A183JG69,0
136037.A0A067R9X1,8083.ENSXMAP00000027974,0
6412.T1FQB5,6412.T1G205,1
7227.FBpp0077705,7227.FBpp0082011,1
45351.A7RQX4,61383.ENSLCNP00005019102,0
6412.T1EIA8,6412.T1FQB5,1
31234.E3LFF3,31234.E3LSG5,1
36166.T1GK21,7240.B4QNS3,0
6184.A0A430QCH7,6248.A0A0K0E0F8,0
6185.A0A095B3S5,6185.A0A095C7Y7,1
6186.A0A183KWU9,6832.A0A553NFV4,0
268475.A0A0V1GI97,400727.A0A2T7NG63,0
407821.A0A087TS23,520822.A0A195BAG5,0
1661398.A0A482VNV4,7994.ENSAMXP00000036669,0
102285.A0A0R3T9D4,102285.A0A0R3TVG1,1
6205.A0A0R3WPB1,6205.A0A0R3X2C4,1
299467.A0A443SP62,6211.A0A068XWV5,0
286419.ENSCAFP00020033748,407821.A0A087UQ86,0
7574.A0A1S3H7P6,7574.A0A1S3HZ79,1
13249.R4G2Z7,135651.G0MYW5,0
7739.C3YF60,7739.C3ZX51,1
113540.ENSSFOP00015005258,6182.A0A4Z2CYY7,0
210632.ENSPRNP00000026639,7240.B4NSK4,0
31234.E3NB25,31234.E3NKK2,1
121845.A0A1S3D6S2,31234.E3MDI6,0
47308.ENSNMLP00000017187,70667.A0A183SF65,0
6186.A0A183KB53,6186.A0A183KSC2,1
31246.A0A183P355,31246.A0A183PN09,1
53326.A0A016SDA6,53326.A0A016TIK7,1
31033.ENSTRUP00000031722,6689.A0A3R7PIL7,0
6205.A0A0R3WIY4,6205.A0A0R3WTB3,1
127582.A0A2Y9QXJ1,1503980.A0A261BGC5,0
1503980.A0A261C7M3,6526.A0A2C9KSA2,0
1661398.A0A482VRG1,6973.A0A2P8Y4W5,0
37653.A0A0L8HFZ4,8005.ENSEEEP00000037401,0
6973.A0A2P8Y3E5,7029.J9JY03,0
947166.A0A1D1VKT8,947166.A0A1D1VLA0,1
6211.A0A087VZT2,6211.A0A068Y3M5,0
29170.A0A368F3N3,29170.A0A368H0A8,1
29172.A0A0D8X9C2,32473.ENSXCOP00000005546,0
103827.A0A0N5CU50,7739.C3XZF6,0
6945.B7PC20,6945.B7Q0S6,1
400682.A0A1X7U8S2,6182.A0A4Z2CWF2,0
2018661.A0A2A2JBI7,2018661.A0A2A2KDT0,1
7574.A0A1S3J979,7574.A0A1S3JFV7,1
6184.A0A430QC15,6184.A0A430QIK9,1
456900.A0A195C5D7,7232.A0A484BJT9,0
400727.A0A2T7P2J4,94128.A0A2A3EGA7,0
31234.E3MKT6,6412.T1FMV2,0
102285.A0A0R3TS89,7227.FBpp0074660,0
13249.T1H9T5,37653.A0A0L8FP89,0
94128.A0A2A3EDT6,94128.A0A2A3EP75,1
104452.A0A0L7KVF0,6186.A0A183KTS5,0
211598.ENSANIP00000018002,7238.B4HEW9,0
70415.A0A5S6QJN8,70415.A0A5S6R0W4,1
77166.N6TSL9,947166.A0A1D1VAB8,0
143630.A0A402ESR8,143630.A0A402G5X9,1
6184.A0A430QMD0,6184.A0A430QR56,1
7375.A0A0L0CAS9,7375.A0A0L0CN82,1
520822.A0A195BWA4,6216.A0A0R3SRS5,0
2018661.A0A2A2JT65,2018661.A0A2A2KRF9,1
6945.B7QGL5,6973.A0A2P8Y430,0
7029.J9JY03,6188.A0A183QVK5,0
6973.A0A2P8XZQ9,6973.A0A2P8YAK9,1
6183.A0A3Q0KVH1,6183.G4LXG8,1
441366.ENSGWIP00000050119,6313.A0A0K0DFB4,0
13347.A0A444TG67,13347.A0A444TLS5,1
31033.ENSTRUP00000013951,94237.ENSMMOP00000009832,0
32264.T1K5Z0,32264.T1KAG5,1
283909.R7TJH1,318479.A0A0N4U6C8,0
144197.ENSSPAP00000018152,6186.A0A183JG69,0
6412.T1FQB5,6412.T1G5L8,1
102285.A0A0R3T1M5,7234.B4GYR0,0
6185.A0A094ZKK2,6185.A0A094ZV05,1
54126.H3EZU7,54126.H3FT01,1
135651.G0MYW5,1676925.ENSPKIP00000000375,0
46835.A0A504Z711,7176.B0W987,0
400682.A0A1X7US35,7868.ENSCMIP00000021812,0
2018661.A0A2A2LH68,2018661.A0A2A2LYF4,1
31246.A0A183NRU2,299467.A0A443SPF6,0
47308.ENSNMLP00000005581,47308.ENSNMLP00000022625,1
104452.A0A0L7L2A0,104452.A0A0L7LFU6,1
6216.A0A0R3SRS5,6216.A0A158QDM0,1
48269.A0A183LC32,6689.A0A3R7Q4K9,0
1611254.A0A2G5SK35,8005.ENSEEEP00000013909,0
12957.A0A158NAR2,7029.J9K084,0
6185.A0A094ZWB3,6185.A0A095B3S5,1
13249.T1HNK8,6184.A0A430QFK8,0
32264.T1JPX9,32264.T1JUI1,1
7918.ENSLOCP00000011728,7918.ENSLOCP00000021021,1
194338.ENSACUP00000013456,211598.ENSANIP00000012568,0
46245.B5DKQ4,46835.A0A504YRW0,0
195883.A0A482XJG2,7764.ENSEBUP00000026535,0
6184.A0A430QUL4,6412.T1G201,0
7764.ENSEBUP00000002495,7764.ENSEBUP00000004807,1
121845.A0A1S4EBI3,1676925.ENSPKIP00000035268,0
143630.A0A402FCB5,143630.A0A402G157,1
6337.A0A0V0Y3G4,6337.A0A0V1J5S5,1
6412.T1F743,6412.T1FQB5,1
6337.A0A0V0Y3G4,6337.A0A0V0YJY8,1
6216.A0A0R3SRS5,6216.A0A158QF23,1
36166.T1H6P5,7234.B4GMF4,0
45351.A7SUK1,6184.A0A430QSY5,0
135651.G0N9D2,2018661.A0A2A2JU16,0
36166.T1H3N2,8083.ENSXMAP00000016394,0
2015173.A0A026X2Y1,2018661.A0A2A2L0Z2,0
6188.A0A183QJI2,6188.A0A183R865,1
400682.A0A1X7TKM7,400682.A0A1X7UYR9,1
6184.A0A430QC15,6184.A0A430QPT4,1
2018661.A0A2A2JVJ0,93934.ENSCJPP00005001775,0
168631.A0A3S2N554,391180.A0A2Y9J5B9,0
244447.ENSCSEP00000032331,6973.A0A2P8XZQ9,0
1503980.A0A261BMV4,1503980.A0A261CDZ7,1
6211.A0A068Y3M5,6526.A0A2C9KSA2,0
6689.A0A3R7NCB6,6689.A0A423T0B3,1
13249.T1HPC2,178035.A0A154P1K5,0
1503980.A0A261BPI3,211598.ENSANIP00000025575,0
103695.ENSPVIP00000023436,103695.ENSPVIP00000027583,1
6184.A0A430Q0J5,6184.A0A430Q1K1,1
195883.A0A482WUR2,195883.A0A482XJG2,1
8022.A0A060W0B3,8022.A0A060YWM0,1
7240.B4Q6D9,7240.B4QQV6,1
48269.A0A183MHW5,70667.A0A183T1L1,0
32507.ENSNBRP00000008120,37653.A0A0L8I6N4,0
7227.FBpp0087493,7739.C3YGX8,0
2018661.A0A2A2KGQ7,244447.ENSCSEP00000033216,0
121224.E0VF66,121224.E0W1Z4,1
425635.ENSCPGP00000001072,6290.A0A0N4W2D0,0
7719.ENSCINP00000025648,7719.ENSCINP00000026740,1
37032.ENSSSUP00005026502,6689.A0A423THY4,0
299123.ENSLSDP00000009813,6293.A0A1I8EDP9,0
2018661.A0A2A2J7P4,6973.A0A2P8XSL6,0
1611254.A0A2G5UFF6,53326.A0A016STX5,0
13347.A0A444T7Q2,31246.A0A183PVA8,0
299321.ENSDCDP00000020698,48709.A0A1D2NCU8,0
135651.G0MMM5,80972.ENSAOCP00000030589,0
225164.V4AG10,225164.V4BG98,1
104452.A0A0L7KM25,104452.A0A0L7LGM4,1
53468.A0A0R3UM94,53468.A0A3P6GWU5,1
70667.A0A183SA08,70667.A0A183TF12,1
6573.A0A210QXX1,6573.A0A210R0R8,1
6412.T1FQB5,6412.T1G8A6,1
7102.A0A2A4JA28,7102.A0A2A4JGW5,1
6412.T1FM36,6412.T1FQB5,1
48269.A0A183MK76,610380.E2C6X0,0
6198.A0A074ZWD8,6573.A0A210QCF6,0
45351.A7RLW2,48709.A0A1D2MY19,0
121224.E0W0V7,77166.U4U8C6,0
7739.C3Y0H7,7739.C3Z1B9,1
6573.A0A210PDZ3,6573.A0A210QWB9,1
1561998.A0A1I7UFN0,7897.ENSLACP00000011372,0
31246.A0A183PGQ1,31234.E3LFF3,0
13249.T1HFB2,7460.A0A087ZNL4,0
121224.E0V921,121224.E0VD78,1
6945.B7PKD1,6945.B7Q0S6,1
307972.A0A2G8KF53,307972.A0A2G8KW63,1
7102.A0A2A4JP81,8010.ENSELUP00000040631,0
7070.A0A139WFB4,8078.ENSFHEP00000023492,0
225164.V4CB51,400682.A0A1X7V1L9,0
7217.B3M2C6,7217.B3MPX5,1
47308.ENSNMLP00000005581,47308.ENSNMLP00000017485,1
6689.A0A3R7N1J9,7950.ENSCHAP00000004560,0
6184.A0A430QDD0,6184.A0A430QR00,1
6412.T1FNM2,6412.T1FQB5,1
6335.A0A0V1KMA6,6335.A0A0V1LSJ5,1
151549.A0A4C1Z9I9,318479.A0A0N4UFT7,0
7739.C3Y3B5,7739.C3YJD6,1
7764.ENSEBUP00000018555,7764.ENSEBUP00000026424,1
7102.A0A2A4JZU8,947166.A0A1D1VLA0,0
7222.B4J2J2,7240.B4QYX7,0
29170.A0A368FG96,29170.A0A368H437,1
8032.ENSSTUP00000027355,8032.ENSSTUP00000063902,1
2015173.A0A026WPC7,2015173.A0A026X2Y1,1
318479.A0A0N4UAN9,61221.ENSVKKP00000013671,0
121224.E0VR06,1965070.A0A3S3QN45,0
94128.A0A2A3E366,94128.A0A2A3EP75,1
168631.A0A3S2NQK7,6186.A0A183L321,0
6238.A8X595,6238.A8X7E7,1
6573.A0A210R3E8,8030.ENSSSAP00000041007,0
282301.A0A267GJP9,80966.ENSAPOP00000012220,0
103827.A0A0N5CMN9,282301.A0A267GNW7,0
168631.A0A3S2LM80,168631.A0A437BJS0,1
45351.A7RQX4,45351.A7SEF5,1
29170.A0A368GPJ3,29170.A0A368H142,1
31234.E3LFF3,31234.E3LGT7,1
126957.T1IN72,126957.T1IQD8,1
32264.T1JYI1,7029.X1WS68,0
64176.ENSPMRP00000013705,64176.ENSPMRP00000024426,1
32264.T1KNE3,7029.J9JYU1,0
282301.A0A267F4J2,47308.ENSNMLP00000021561,0
121845.A0A1S4EPT0,121845.A0A3Q0J733,1
144197.ENSSPAP00000021006,36166.T1GBX3,0
400682.A0A1X7U0C1,400682.A0A1X7UMV8,1
441366.ENSGWIP00000050522,6669.E9HBK4,0
105785.A0A2J7Q941,7574.A0A1S3IDI6,0
6248.A0A0K0DVH1,6248.A0A0K0EFJ6,1
7868.ENSCMIP00000003944,7868.ENSCMIP00000040708,1
400727.A0A2T7PG58,407821.A0A087TDD6,0
7574.A0A1S3J979,8187.ENSLCAP00010007406,0
7764.ENSEBUP00000004807,7764.ENSEBUP00000024731,1
102285.A0A0R3TA68,55661.A0A091FUA4,0
6210.W6V105,6210.W6V2V6,1
12930.A0A0Q3U0B0,7217.B3MBU2,0
407821.A0A087UXX1,407821.A0A087UZ60,1
400727.A0A2T7PFX3,45351.A7SNP1,0
48269.A0A183N5N1,6205.A0A0R3WSV7,0
70667.A0A183T1L1,70667.A0A3P7BM94,1
6973.A0A2P8XK65,6973.A0A2P8Z960,1
6184.A0A430QB31,6184.A0A430QSN1,1
36166.T1H5Z9,70667.A0A183T5N9,0
77166.N6UB84,77166.U4U7N1,1
7029.J9K084,7029.X1X0X3,1
6689.A0A3R7M994,6689.A0A3R7PIL7,1
283909.R7V1Q7,283909.R7VKN7,1
64176.ENSPMRP00000002474,7217.B3LY11,0
104452.A0A0L7LQB8,8090.ENSORLP00000023474,0
121845.A0A1S3DJ70,6184.A0A430Q8E9,0
103695.ENSPVIP00000028377,7574.A0A2R2MNC3,0
7238.B4HHZ2,7238.B4HXP3,1
13146.ENSMUNP00000020624,211598.ENSANIP00000025466,0
6185.A0A095CFB8,6265.A0A0B2V7U4,0
32473.ENSXCOP00000011098,53326.A0A016STX5,0
6186.A0A183K310,6186.A0A183KTD8,1
45351.A7SUK1,6337.A0A0V0Y3C3,0
225164.V4AHG7,7764.ENSEBUP00000003464,0
102285.A0A0R3T810,102285.A0A0R3TMI2,1
126957.T1IQD8,13249.T1I1I8,0
13249.T1ICC1,48709.A0A1D2MTU0,0
118797.A0A340XCB3,6973.A0A2P8XWP4,0
441366.ENSGWIP00000006739,441366.ENSGWIP00000050119,1
104452.A0A0L7KSL2,104452.A0A0L7LFU6,1
947166.A0A1D1UYC1,947166.A0A1D1VZM2,1
48701.ENSPMEP00000017057,6337.A0A0V0Y3C3,0
1503980.A0A260ZQ44,1503980.A0A261CMU1,1
283909.R7TJH1,283909.R7UEF1,1
47308.ENSNMLP00000035522,6198.A0A075AAU6,0
2018661.A0A2A2M087,7757.ENSPMAP00000006105,0
947166.A0A1D1VZN5,947166.A0A1D1W9H7,1
6198.A0A074ZGZ9,6198.A0A075A4U5,1
947166.A0A1D1UZ68,947166.A0A1D1VZN5,1
597456.A0A0L7QQT3,80972.ENSAOCP00000018521,0
7029.J9K7Z4,77166.U4TUW6,0
6211.A0A087VYM8,7574.A0A1S3JRF1,0
7764.ENSEBUP00000000924,7764.ENSEBUP00000007166,1
31234.E3MKT6,31234.E3NP39,1
6188.A0A183QCU5,6188.A0A183R865,1
13347.A0A444SGG7,37653.A0A0L8HFZ4,0
31234.E3N9Y9,72004.ENSBMUP00000014471,0
45351.A7RXS8,45351.A7SWT9,1
6205.A0A0R3WPB1,6205.A0A0R3WRN8,1
12930.A0A0Q3LVF4,7998.ENSIPUP00000019829,0
53468.A0A0R3UD62,53468.A0A0R3UES1,1
1503980.A0A261AFR5,1503980.A0A261BPI3,1
6185.A0A094ZBZ9,6185.A0A095AVY4,1
6184.A0A430Q5Z7,6184.A0A430QFK8,1
6412.T1FSS1,7764.ENSEBUP00000007077,0
31234.E3LMY2,61819.ENSACIP00000007153,0
6186.A0A183KZ79,93934.ENSCJPP00005006262,0
2018661.A0A2A2KGQ7,2018661.A0A2A2LC92,1
13616.ENSMODP00000022977,1611254.A0A2G5U2F7,0
1561998.A0A1I7T8M1,70415.A0A5S6Q210,0
6265.A0A0B2UYU3,7240.B4R5L4,0
53468.A0A0R3UD62,53468.A0A0R3UJ62,1
7070.D6WR02,8078.ENSFHEP00000027971,0
143630.A0A402F193,143630.A0A402G2R6,1
30066.A0A182V8M1,6290.A0A0N4VV12,0
282301.A0A267DT01,299321.ENSDCDP00000034692,0
6198.A0A074ZQT9,6198.A0A075AAU6,1
6526.A0A2C9KWV9,79923.A0A3R7ER80,0
6239.F56B6.4a.1,8030.ENSSSAP00000082224,0
2018661.A0A2A2KRF9,2018661.A0A2A2L2W8,1
210632.ENSPRNP00000012746,13347.A0A444TT31,0
47308.ENSNMLP00000023863,6669.E9HAF5,0
7232.A0A484BN39,7739.C3YTF2,0
48699.ENSPLAP00000007241,6188.A0A183RAJ6,0
400727.A0A2T7NB77,400727.A0A2T7NWL5,1
31234.E3N084,7238.B4I0B1,0
6184.A0A430QPC1,6184.A0A430QPD6,1
6186.A0A183JRT9,6186.A0A183L321,1
7764.ENSEBUP00000014989,8078.ENSFHEP00000011888,0
62062.ENSHHUP00000007308,947166.A0A1D1VDZ7,0
6573.A0A210QNN3,6573.A0A210QX68,1
7176.B0WSX4,7176.B0WXM0,1
372326.A0A1V4KND2,6211.A0A068Y7N1,0
104452.A0A0L7KLU9,104452.A0A0L7KNB6,1
1611254.A0A2G5UEM4,6832.A0A553NVN0,0
7234.B4GBL6,947166.A0A1D1VV51,0
135651.G0MYW5,32473.ENSXCOP00000006274,0
46835.A0A504YL16,46835.A0A504Z6K4,1
46835.A0A504YTU1,70415.A0A5S6QUF6,0
6689.A0A423SHP9,6689.A0A423U6J3,1
126957.T1J5W7,126957.T1JF68,1
6198.A0A074ZP55,6198.A0A075AJZ6,1
2489341.ENSSHBP00005013217,2489341.ENSSHBP00005017207,1
70667.A0A183SS32,70667.A0A3P7EN19,1
456900.A0A151IGR7,456900.A0A195C3S4,1
102285.A0A0R3T9D4,102285.A0A0R3THG2,1
37653.A0A0L8GEE0,53326.A0A016TIK7,0
6973.A0A2P8XWP4,7460.A0A087ZZZ9,0
407821.A0A087TBG4,7757.ENSPMAP00000011430,0
30019.A0A0M3QVM0,30019.A0A0M5J1G8,1
46245.Q29C79,6832.A0A553P3M1,0
7227.FBpp0087335,7227.FBpp0289298,1
56216.A0A1A6GGS5,56216.A0A1A6HE62,1
400727.A0A2T7PI20,6182.Q86F82,0
61221.ENSVKKP00000004855,8022.A0A060YWM0,0
308060.ENSARWP00000001035,308060.ENSARWP00000026626,1
6412.T1G7R7,47969.ENSOABP00000041437,0
7227.FBpp0074709,7227.FBpp0289298,1
283909.R7UEF1,283909.R7ULG2,1
6205.A0A0R3WPB1,6205.A0A0R3X6I1,1
6210.W6V105,8030.ENSSSAP00000059800,0
6186.A0A183JIS4,7070.D2A3F3,0
268474.A0A0V1MPJ5,268474.A0A0V1N762,1
168631.A0A3S2N554,168631.A0A437B5F8,1
7238.B4HPL2,7238.B4HTQ8,1
6186.A0A183KFE7,31234.E3LYY9,0
6205.A0A0R3WPB1,6205.A0A0R3XDJ9,1
6832.A0A553NEL1,6832.A0A553PBC7,1
7234.B4GC52,8010.ENSELUP00000040021,0
6188.A0A183R320,31246.A0A183Q5Z8,0
299321.ENSDCDP00000034635,31234.E3MLB2,0
144197.ENSSPAP00000022419,7238.B4I164,0
6945.B7Q0S6,6945.B7QH45,1
29170.A0A368F4C6,6184.A0A430QB31,0
32473.ENSXCOP00000020058,37653.A0A0L8G1N4,0
318479.A0A0N4UPX0,8030.ENSSSAP00000041007,0
7176.B0WD51,7868.ENSCMIP00000011709,0
6412.T1FQB5,6412.T1G0L2,1
7739.C3YD69,7739.C3YN18,1
6412.T1FQB5,6412.T1G5H8,1
283909.R7U3H9,283909.R7V1Z3,1
6182.A0A4Z2DKQ7,7070.D6W6D8,0
282301.A0A1I8G2E6,947166.A0A1D1VDZ7,0
44394.ENSZALP00000001573,7375.A0A0L0CAS9,0
45351.A7RUI7,45351.A7RXS8,1
31246.A0A183PN09,520822.A0A195BL20,0
53468.A0A0R3U5S0,53468.A0A0R3UD62,1
6184.A0A430Q6G9,6184.A0A430QQH8,1
1611254.A0A2G5SKJ5,7918.ENSLOCP00000022481,0
1611254.A0A2G5UKH0,6313.A0A0K0DBZ6,0
6412.T1FQB5,6412.T1G2T3,1
1611254.A0A2G5T0M0,283909.R7U4A0,0
6210.W6UK99,6526.A0A2C9L9N3,0
6183.A0A3Q0KVH1,6183.G4VNA0,1
29170.A0A368GSX9,29170.A0A368H0A8,1
46835.A0A504YGJ5,7398.A0A1B0AG36,0
6239.T20D3.7c.1,7227.FBpp0305929,0
31234.E3N9Y9,6183.A0A5K4F8V1,0
13146.ENSMUNP00000001686,6188.A0A183RW00,0
2018661.A0A2A2LBG2,7159.Q17LJ8,0
6183.A0A3Q0KVH1,6183.G4LYT5,1
6412.T1FQB5,6412.T1G109,1
121845.A0A3Q0INR9,121845.A0A3Q0J6S2,1
318479.A0A0N4UPX0,318479.A0A3P7STQ7,1
7217.A0A0P9BTJ6,7217.B3M6Z6,1
102285.A0A0R3TCJ1,48701.ENSPMEP00000021670,0
6689.A0A3R7STU0,6689.A0A423T4F2,1
7102.A0A2A4J0N3,7102.A0A2A4JA28,1
6198.A0A074ZK93,6198.A0A075AC76,1
6205.A0A0R3WPB1,7091.H9JFN9,0
31234.E3LYY9,31234.E3M4K4,1
46245.Q29BR4,7574.A0A1S3H2M6,0
103827.A0A0N5D2J3,31234.E3M6B1,0
77166.N6UIA0,77166.U4TY70,1
7234.B4GJP0,96440.ENSSMRP00000018346,0
7764.ENSEBUP00000002262,7764.ENSEBUP00000024650,1
6211.A0A087W002,947166.A0A1D1VJP9,0
1676925.ENSPKIP00000041034,48709.A0A1D2MQM4,0
400682.A0A1X7V0R4,7739.C3Z1B8,0
6184.A0A430QR71,70667.A0A183SVZ8,0
282301.A0A267DUJ5,48269.A0A183MJK0,0
7460.A0A087ZZZ9,7739.C3Y0H7,0
151549.A0A4C1SHV5,151549.A0A4C1SKP3,1
77166.N6T720,77166.U4U7N1,1
6265.A0A0B2V810,7238.B4HPP1,0
31246.A0A183PJ76,7070.D6X0M7,0
6832.A0A553PAJ1,7868.ENSCMIP00000015197,0
61819.ENSACIP00000005067,6216.A0A0R3SEN5,0
6669.E9HBK4,7739.C3Y000,0
1561998.A0A1I7U824,62324.A0A4Y0BRG1,0
7102.A0A2A4JA28,7102.A0A2A4JX50,1
121845.A0A1S4E7V6,7955.ENSDARP00000090524,0
6573.A0A210PFB2,6573.A0A210R046,1
13249.T1H9T5,6290.A0A0N4WSE4,0
283909.R7UVU2,36166.T1GPV0,0
105785.A0A2J7PU18,7739.C3XQV0,0
6412.T1FQB5,6412.T1G8E5,1
6216.A0A0R3SK84,6216.A0A0R3SRS5,1
1661398.A0A482V839,29172.A0A0D8YF96,0
37032.ENSSSUP00005032899,6526.A0A2C9K687,0
143630.A0A402END0,143630.A0A402G5X9,1
6412.T1EH99,6412.T1FQB5,1
211598.ENSANIP00000012568,211598.ENSANIP00000022638,1
6290.A0A3P8AWB7,7260.B4NBF7,0
135651.G0MMM5,135651.G0MTV0,1
6211.A0A068XWV5,7574.A0A1S3JXF3,0
7232.A0A484AXX4,96440.ENSSMRP00000016592,0
37347.ENSTBEP00000014794,6205.A0A0R3WM96,0
8078.ENSFHEP00000024394,8078.ENSFHEP00000027971,1
6279.A0A0J9YAS8,6973.A0A2P8YQ52,0
6211.A0A068YIN8,64176.ENSPMRP00000023354,0
241587.ENSACOP00000021587,6184.A0A430QCH7,0
6188.A0A183QLV5,6188.A0A183R865,1
1503980.A0A261B2M1,1503980.A0A261C7X5,1
37653.A0A0L8FW78,6211.A0A068Y660,0
333673.A0A3M0JM99,6205.A0A0R3X7C9,0
45351.A7RTR4,6239.Y73B6A.4.1,0
37546.A0A1B0GBK8,48709.A0A1D2NHA5,0
1561998.A0A1I7USQ7,62062.ENSHHUP00000031810,0
104452.A0A0L7KKF6,104452.A0A0L7LGM4,1
104452.A0A0L7LFU6,104452.A0A0L7LMA0,1
7234.B4HAV5,7240.B4NTL6,0
6412.T1EG94,6412.T1FQB5,1
194338.ENSACUP00000013456,8022.A0A060YEZ9,0
1503980.A0A261AHW6,1503980.A0A261AW07,1
6205.A0A0R3X198,6205.A0A0R3XCS1,1
283909.R7UXC5,283909.R7VKN7,1
6689.A0A3R7MLQ5,7757.ENSPMAP00000009816,0
104452.A0A0L7KSQ1,77166.U4UGQ1,0
8175.ENSSAUP00010012586,8175.ENSSAUP00010065018,1
1611254.A0A2G5UDX4,7240.B4NSK4,0
6337.A0A0V0Y1A3,6337.A0A0V0Y3G4,1
300112.A0A4S2JV68,79923.A0A3R7JKG7,0
1503980.A0A261BNY9,225164.V4BB72,0
102285.A0A0R3T2I9,102285.A0A0R3T810,1
400682.A0A1X7TKM7,61221.ENSVKKP00000017086,0
103827.A0A0N5D2J3,103827.A0A158RC41,1
178035.A0A154PBW9,333673.A0A3M0KQ74,0
47969.ENSOABP00000043462,6205.A0A0R3X2Y8,0
2018661.A0A2A2J9X9,2018661.A0A2A2L2W8,1
121845.A0A3Q0IQJ4,225164.V4AHI1,0
407821.A0A087THW0,407821.A0A087U870,1
225164.V3ZW01,282301.A0A267H8N5,0
407821.A0A087T3T7,407821.A0A087THW0,1
7227.FBpp0075069,7240.B4QDX0,0
37546.A0A1B0FM85,64791.A0A151X7J7,0
53326.A0A016UI67,53326.A0A016WIM6,1
1503980.A0A261C270,1503980.A0A261C7M3,1
6573.A0A210PZS4,6573.A0A210R0R8,1
54126.H3EKU1,7739.C3ZX51,0
121845.A0A1S3D1A9,121845.A0A1S3D5K7,1
195883.A0A482XJ38,7719.ENSCINP00000006094,0
36166.T1GM04,36166.T1H6I7,1
7029.J9JZX6,7029.J9KN63,1
194338.ENSACUP00000001715,947166.A0A1D1W8V3,0
6832.A0A553P8F3,6832.A0A553PQ14,1
283909.R7UEF1,283909.R7V6S1,1
30608.ENSMICP00000044778,211598.ENSANIP00000019379,0
7217.B3M2D1,7217.B3MPX5,1
400682.A0A1X7U0C1,1611254.A0A2G5T0M0,0
6279.A0A0J9YAS8,6279.A0A5S6PLQ2,1
6573.A0A210Q1J6,168631.A0A437B5F8,0
6205.A0A0R3XC78,6973.A0A2P8ZAW2,0
64791.A0A151X204,70667.A0A3P7BWL9,0
31234.E3LYM8,31234.E3MN19,1
62062.ENSHHUP00000072276,7070.D6W6D8,0
168631.A0A437BLU2,47308.ENSNMLP00000035042,0
308060.ENSARWP00000001035,308060.ENSARWP00000006480,1
53326.A0A016S3X8,53326.A0A016UH02,1
2018661.A0A2A2KRF9,2018661.A0A2A2LLA4,1
2489341.ENSSHBP00005013217,2489341.ENSSHBP00005015705,1
77166.U4U7N1,77166.U4U872,1
94128.A0A2A3E454,947166.A0A1D1W9K1,0
104452.A0A0L7KM25,211598.ENSANIP00000020169,0
375764.ENSSORP00005047304,7227.FBpp0077260,0
48269.A0A183LC32,7222.B4JW78,0
195883.A0A482XII9,990121.A0A0V1A2P9,0
947166.A0A1D1UYC1,947166.A0A1D1VLA0,1
113540.ENSSFOP00015065187,6290.A0A3P8AWB7,0
6832.A0A553PH68,947166.A0A1D1W4Y5,0
1611254.A0A2G5V0X8,6183.G4V926,0
372326.A0A1V4J557,372326.A0A1V4KND2,1
121845.A0A1S3DNX4,6216.A0A0R3STM4,0
6186.A0A183JIS4,947166.A0A1D1W9H7,0
30538.ENSVPAP00000008378,36166.T1GKA4,0
143630.A0A402FY90,143630.A0A402G5X9,1
93934.ENSCJPP00005002436,93934.ENSCJPP00005002728,1
6186.A0A183JIS4,6186.A0A183KSC2,1
6337.A0A0V0Y3C3,69004.A0A182QTF7,0
6188.A0A183QRS8,6188.A0A183RP96,0
6216.A0A0R3SSY5,7395.A0A1A9VD06,0
947166.A0A1D1UCR5,947166.A0A1D1V869,1
6205.A0A0R3WKF5,6205.A0A0R3WPB1,1
113540.ENSSFOP00015020272,6832.A0A553PTN2,0
407821.A0A087T706,2018661.A0A2A2LLA4,0
56723.ENSLBEP00000012685,7739.C3YJA9,0
143630.A0A402EYM8,8030.ENSSSAP00000116555,0
299467.A0A443S855,7070.Q94R71,0
48709.A0A1D2MUE0,7764.ENSEBUP00000018636,0
137246.A0A401T7S4,6573.A0A210Q5M4,0
244447.ENSCSEP00000016020,77166.U4UBA4,0
6337.A0A0V1J7T1,7227.FBpp0086590,0
2018661.A0A2A2M087,40217.ENSJHYP00000006285,0
104452.A0A0L7KW19,104452.A0A0L7KZV5,1
103827.A0A0N5CU50,103827.A0A0N5CY13,1
13616.ENSMODP00000018911,6182.A0A4Z2CWF2,0
7764.ENSEBUP00000000501,7764.ENSEBUP00000025928,1
70667.A0A183SUX7,70667.A0A183TDT1,1
947166.A0A1D1VLA0,947166.A0A1D1W944,1
136037.A0A067R2A8,143630.A0A402G5X9,0
104452.A0A0L7L1T0,2015173.A0A026VZT7,0
31234.E3LYY9,7227.FBpp0085563,0
7918.ENSLOCP00000018673,7918.ENSLOCP00000021021,1
45351.A7S644,7240.B4QTG6,0
36166.T1GM04,36166.T1H5Z9,1
6689.A0A3R7P7Z9,8081.ENSPREP00000006835,0
48709.A0A1D2MLG4,48709.A0A1D2MQB5,1
29172.A0A0D8X6I6,7375.A0A0L0C6X6,0
6205.A0A0R3X7T8,8022.A0A060WIJ3,0
7918.ENSLOCP00000011728,7918.ENSLOCP00000019037,1
6248.A0A0K0E3S8,6248.A0A0K0EH14,1
6239.T20D3.7c.1,126957.T1JBQ6,0
6186.A0A183KFE7,6186.A0A183KWU9,1
318479.A0A0N4UNW5,7240.B4NVJ2,0
56216.A0A1A6GT71,56216.A0A1A6HIH0,1
31234.E3MX79,407821.A0A087UQQ5,0
121224.E0VJL5,1965070.A0A3S3QG03,0
333673.A0A3M0JD24,7029.X1XEX1,0
70667.A0A0X3NQR8,70667.A0A183SV19,1
6669.E9FRT0,6669.E9HSG8,1
268474.A0A0V1M6U0,268474.A0A0V1MPJ5,1
6210.W6UUD9,7240.B4QU29,0
6185.A0A094ZU21,6185.A0A095A221,1
7574.A0A1S3H7P6,7574.A0A1S3HWB3,1
61221.ENSVKKP00000000503,7739.C3Z1C3,0
6573.A0A210Q5F0,77166.J3JZ73,0
102285.A0A0R3T412,7719.ENSCINP00000024129,0
6184.A0A430Q1K1,6184.A0A430QB31,1
53326.A0A016SEX3,53326.A0A016UPC4,1
168631.A0A3S2N554,52670.A0A2I4CL97,0
283909.R7UHH1,283909.R7VKN7,1
143630.A0A402FFQ5,143630.A0A402G5X9,1
7234.B4GBK9,7234.B4GJP0,1
6832.A0A553PAA4,6832.A0A553PTN2,1
7091.H9J9V4,7091.H9JHT7,1
54126.A0A4X3PSX1,54126.H3EKU1,1
1611254.A0A2G5U019,286419.ENSCAFP00020016351,0
31033.ENSTRUP00000057257,32264.T1KYB2,0
13249.T1HNK8,6526.A0A2C9KWV9,0
400727.A0A2T7NHS4,400727.A0A2T7PFX3,1
46731.A0A3M6UD76,46731.A0A3M6UJ52,1
947166.A0A1D1VD45,947166.A0A1D1VZN5,1
283909.R7V7Z1,7217.B3M4A6,0
407821.A0A087SXU6,407821.A0A087TIQ0,1
2018661.A0A2A2K7H5,46731.A0A3M6TY24,0
6205.A0A0R3WPB1,6205.A0A0R3X6B5,1
126957.T1IN89,126957.T1JNE3,1
7232.A0A484AXX4,7232.A0A484B8P7,1
45351.A7RQX4,45351.A7SEF3,1
54126.H3DUI1,54126.H3FT01,1
77166.N6TQU4,77166.U4U7N1,1
13249.T1I424,268474.A0A0V1MPJ5,0
31246.A0A183PNH6,37032.ENSSSUP00005027986,0
31234.E3NB25,8078.ENSFHEP00000019841,0
307972.A0A2G8KIF3,307972.A0A2G8KW63,1
6239.C25A1.6.1,6689.A0A3R7M4Q7,0
407821.A0A087TVR6,7238.B4IBQ1,0
7240.B4QWE8,7240.B4R5K9,1
456900.A0A195C3S4,456900.A0A195C5D7,1
283909.R7UEF1,283909.R7UGE9,1
53468.A0A158QVE6,6832.A0A553NPH2,0
13249.R4G5I7,6669.E9HBK4,0
53326.A0A016ULA9,53326.A0A016UPC4,1
6945.B7PIH2,6945.B7Q0S6,1
6689.A0A3R7MFM2,6689.A0A3R7MLY6,1
31246.A0A183PGQ1,31246.A0A183Q5Z8,1
282301.A0A267DGB5,282301.A0A267EVP7,1
6945.B7PWD2,6945.Q4PM08,1
1965070.A0A3S3QN45,407821.A0A087T6X8,0
121224.E0W154,307972.A0A2G8K278,0
30019.A0A0M3QVM0,30019.A0A0M4ENL9,1
151549.A0A4C1W4E3,151549.A0A4C1ZJG4,1
7227.FBpp0080629,7227.FBpp0309689,1
105785.A0A2J7PU18,7764.ENSEBUP00000016968,0
6198.A0A074ZW48,7574.A0A1S3IXI7,0
32264.T1K5H5,6211.A0A068YHJ6,0
947166.A0A1D1VAB8,947166.A0A1D1VKG7,1
286419.ENSCAFP00020021517,7238.B4IBQ1,0
6205.A0A0R3X8X6,7102.A0A2A4K9U0,0
126957.T1IW16,126957.T1JIV3,1
13347.A0A444TM81,30538.ENSVPAP00000010480,0
48269.A0A183M088,48269.A0A183MVP0,1
102285.A0A0R3T9D4,102285.A0A0R3TVC5,1
102285.A0A0R3T810,102285.A0A0R3TRL0,1
53326.A0A016UH02,53326.A0A016VPN5,1
6198.A0A074Z3I4,6198.A0A075A838,1
2018661.A0A2A2L2W8,282301.A0A267E332,0
7955.ENSDARP00000074959,225164.V4CB51,0
102285.A0A0R3T1M5,102285.A0A0R3TE40,1
7460.A0A087ZZZ9,195883.A0A482WK00,0
13249.R4FLS1,7238.B4HZM0,0
37653.A0A0L8FW78,53468.A0A158QVE6,0
6282.A0A2K6WJ41,7739.C3YPR3,0
6185.A0A094ZXL4,6280.A0A0N4T5G3,0
947166.A0A1D1VJW9,947166.A0A1D1VZN5,1
126957.T1ITI1,126957.T1J5W7,1
121224.E0VL73,121224.E0VR06,1
70667.A0A183SP11,70667.A0A183SUH7,1
1676925.ENSPKIP00000017900,7240.B4QI88,0
13347.A0A444TNR5,7234.B4GMF4,0
13249.T1HA91,46245.A0A0R3P1Q1,0
13347.A0A444TFD2,46731.A0A3M6UWE6,0
947166.A0A1D1VZN5,947166.A0A1D1W2T8,1
1503980.A0A261BI04,7719.ENSCINP00000018593,0
1503980.A0A261B445,31234.E3LFF3,0
6412.T1FQB5,6412.T1G1A2,1
6290.A0A0N4VTF6,7070.D2A2F4,0
7217.B3M0Q0,7217.B3MPX5,1
56216.A0A1A6H3J2,56216.A0A1A6HB06,1
6186.A0A183JL74,6186.A0A183KB53,1
6216.A0A0R3SS19,6216.A0A0R3SSY5,1
8032.ENSSTUP00000063902,8032.ENSSTUP00000079311,1
151549.A0A4C1SHV5,151549.A0A4C1W4A0,1
113540.ENSSFOP00015004031,6573.A0A210QRA4,0
6184.A0A430QFK8,6184.A0A430QPJ3,1
48699.ENSPLAP00000022282,6689.A0A3R7PIL7,0
211598.ENSANIP00000016838,211598.ENSANIP00000019379,1
6412.T1FMV5,6412.T1FQB5,1
241587.ENSACOP00000009047,6184.A0A430QMD0,0
7240.B4QAP5,7574.A0A1S3ID66,0
241587.ENSACOP00000009403,6184.A0A430Q4T1,0
102285.A0A0R3TCJ1,103695.ENSPVIP00000018924,0
6188.A0A183QVK5,7918.ENSLOCP00000012169,0
283909.R7TVT2,283909.R7U3H9,1
113540.ENSSFOP00015021380,46835.A0A504YFQ3,0
318479.A0A0N4UK18,318479.A0A158Q5I6,1
1503980.A0A261C9S4,6198.A0A074ZQT9,0
126957.T1IR53,126957.T1J524,1
6184.A0A430QR71,47308.ENSNMLP00000035042,0
48709.A0A1D2M5V5,48709.A0A1D2MTI2,1
104452.A0A0L7KNB6,31234.E3M8V0,0
47308.ENSNMLP00000035522,47308.ENSNMLP00000044628,1
268474.A0A0V1MAI5,6573.A0A210Q1J6,0
53326.A0A016SXN3,53326.A0A016UPC4,1
7719.ENSCINP00000035839,7764.ENSEBUP00000008146,0
126957.T1ITI1,126957.T1JCR6,1
268475.A0A0V1H4R8,268475.A0A0V1HPV0,1
6184.A0A430Q5N3,6184.A0A430QF67,1
407821.A0A087TBG4,6526.A0A2C9JNU1,0
400682.A0A1X7TT98,400682.A0A1X7UHG4,1
6184.A0A430QUL4,79684.ENSMOCP00000026441,0
6573.A0A210PZD2,6573.A0A210R2P7,1
6183.A0A3Q0KHK7,8081.ENSPREP00000026954,0
31246.A0A183PGQ1,7070.D6WSX9,0
29172.A0A0D8Y3L5,29172.A0A0D8Y9K3,1
31234.E3LYY9,31234.E3N1I5,1
29073.ENSUMAP00000030790,31246.A0A183NSF7,0
143630.A0A402G2R6,6216.A0A0R3SHA3,0
6184.A0A430Q571,6184.A0A430QC15,1
126957.T1JB43,126957.T1JIA8,1
29172.A0A0D8X6R6,37001.A0A1A9WKK8,0
104452.A0A0L7KNH6,104452.A0A0L7KSQ6,1
13249.R4G4W0,96440.ENSSMRP00000021290,0
144197.ENSSPAP00000000671,947166.A0A1D1V0M3,0
282301.A0A267FIJ8,6832.A0A553NBU5,0
7764.ENSEBUP00000003981,7764.ENSEBUP00000016141,1
28377.ENSACAP00000021693,37003.ENSKMAP00000015829,0
1611254.A0A2G5V370,1611254.A0A2G5VLQ1,1
135651.G0MMM5,400727.A0A2T7P2J4,0
77166.J3JXX6,77166.U4U7N1,1
6412.T1FNB5,6412.T1FQB5,1
6265.A0A0B2UU85,7238.B4IE13,0
38772.ENSGAGP00000008837,6669.E9H102,0
244447.ENSCSEP00000014588,6573.A0A210PEE7,0
113540.ENSSFOP00015015021,70667.A0A183T2N8,0
268474.A0A0V1N762,61221.ENSVKKP00000007845,0
7176.B0X0X9,7240.B4R2D3,0
6205.A0A0R3WTQ7,7217.B3MPX0,0
